production_candidate_id,batch_number,sample_index,class_id,target_label,generation_seed,demonstration_seed,prompt_version,prompting_strategy,demonstration_source,demonstration_pool_size,demo_1,demo_2,demo_3,demo_4,generated_text
class4_batch001_sample030000,1,30000,4,Profane,431000,435000,v3_original_demo_boundary_prompt,4-shot random authentic same-class,Shortlisted authentic RUHSOLD Profane examples,40,bhenchod bht kutti haaalat huwe we he bhai,2 years ago i asked my father for my own car. so he said “hbl car loan se lelo” bc itni khajal khawari keh tang akar i bought used honda civic. and mine is way better than new honda city. or sashky apny,bhenchod exams uff,i should've a bhenchod counter which will count the amount of times i've sad bhenchod,bhenchod i wanna cry but can’t 😔
class4_batch001_sample030001,1,30001,4,Profane,431001,435001,v3_original_demo_boundary_prompt,4-shot random authentic same-class,Shortlisted authentic RUHSOLD Profane examples,40,bc 40 rupees karaya kar diya hai is se acha to banda uber ya cream karwa laye 😏😏😏,bauhat sardi hai bc,mera bhi yaar bhai...jindgi jhand ho gya hai bhenchodv 3 t20 me 300 rupya haar gye....,rt : bhenchod graph paper pe eraser use karo toh graph paper hi gayab ho jaata hai,nhi pata na bhenchod
class4_batch001_sample030002,1,30002,4,Profane,431002,435002,v3_original_demo_boundary_prompt,4-shot random authentic same-class,Shortlisted authentic RUHSOLD Profane examples,40,rt : kisi ko bhulnay k liye ussay yaad karna parta hai. aur idhr bhenchod yaad hi ati rehti hai bus,rt : bhenchod graph paper pe eraser use karo toh graph paper hi gayab ho jaata hai,"tm jao ma ni ja rha, pehly he adhi zindagi saffr mein guzr gai bc meri.",bc bb khatm ho gya but i cant move on,ye 😑
class4_batch001_sample030003,1,30003,4,Profane,431003,435003,v3_original_demo_boundary_prompt,4-shot random authentic same-class,Shortlisted authentic RUHSOLD Profane examples,40,rt : birthday wali feel hi nai arahi bhenchod,slept for only 4 hours last night bc match daikhty daikhty girny wala hua wa hun,bhenchod aaj sirf roneka mann kar raha hai,dil sumbhal ja zra bhenchod,mc i'm so tired but i can't sleep
class4_batch001_sample030004,1,30004,4,Profane,431004,435004,v3_original_demo_boundary_prompt,4-shot random authentic same-class,Shortlisted authentic RUHSOLD Profane examples,40,why can’t i multitask???? i’m 22 fucking years old and i still dont know how to multitask bhenchod,bc bb khatm ho gya but i cant move on,i hate ors bhenchod,bhenchod what a goal!,bhenchod shayad yeh hai na jisne mera sara life chora
class4_batch001_sample030005,1,30005,4,Profane,431005,435005,v3_original_demo_boundary_prompt,4-shot random authentic same-class,Shortlisted authentic RUHSOLD Profane examples,40,fuck man. the pain is traveling. bhenchod ye naya e corridor khul gya hai.,bhenchod aaj sirf roneka mann kar raha hai,ajeeeeb bc 😒😂,bhenchod exams uff,mera papa hai kuttey ka beta koi dum nahi
class4_batch001_sample030006,1,30006,4,Profane,431006,435006,v3_original_demo_boundary_prompt,4-shot random authentic same-class,Shortlisted authentic RUHSOLD Profane examples,40,bhenchod parhna hai. par dimaagh ijazat nahi deta. ajeeb chutiyapa hai ye.,rt : birthday wali feel hi nai arahi bhenchod,code bhee saaf karna hai abheeee bc,bhenchod kahan phass gaya hoon,rt : shuru karne ka sath dala jata hai aur pehle hi matlb chod ke rakh lete hain bc
class4_batch001_sample030007,1,30007,4,Profane,431007,435007,v3_original_demo_boundary_prompt,4-shot random authentic same-class,Shortlisted authentic RUHSOLD Profane examples,40,rt : fariha without fa is riha and  riha kerdo koi bhenchod is zindagi se,i should've a bhenchod counter which will count the amount of times i've sad bhenchod,"tm jao ma ni ja rha, pehly he adhi zindagi saffr mein guzr gai bc meri.",code bhee saaf karna hai abheeee bc,ye duniya ka bacha hi toh nahi ha
class4_batch001_sample030008,1,30008,4,Profane,431008,435008,v3_original_demo_boundary_prompt,4-shot random authentic same-class,Shortlisted authentic RUHSOLD Profane examples,40,pubg lover hath toota howa hai phir b pubg nhai chorni bc😂😂😂,code bhee saaf karna hai abheeee bc,fuck man. the pain is traveling. bhenchod ye naya e corridor khul gya hai.,bauhat sardi hai bc,i am so fucking angry right now i wanna kill someone
class4_batch001_sample030009,1,30009,4,Profane,431009,435009,v3_original_demo_boundary_prompt,4-shot random authentic same-class,Shortlisted authentic RUHSOLD Profane examples,40,rt : fariha without fa is riha and  riha kerdo koi bhenchod is zindagi se,bhenchod parhna hai. par dimaagh ijazat nahi deta. ajeeb chutiyapa hai ye.,kyaaaa musibbaattt ha yr sara mood khraab kr diya ha bc,rt : bhenchod graph paper pe eraser use karo toh graph paper hi gayab ho jaata hai,rt : bhenchod jinko kuch nhi mil raha wo dm karne lgta hai
class4_batch001_sample030010,1,30010,4,Profane,431010,435010,v3_original_demo_boundary_prompt,4-shot random authentic same-class,Shortlisted authentic RUHSOLD Profane examples,40,bc 40 rupees karaya kar diya hai is se acha to banda uber ya cream karwa laye 😏😏😏,pubg lover hath toota howa hai phir b pubg nhai chorni bc😂😂😂,"tm jao ma ni ja rha, pehly he adhi zindagi saffr mein guzr gai bc meri.",rt : bhenchod graph paper pe eraser use karo toh graph paper hi gayab ho jaata hai,aby bhenchod jaa k bharwe ko dekho
class4_batch001_sample030011,1,30011,4,Profane,431011,435011,v3_original_demo_boundary_prompt,4-shot random authentic same-class,Shortlisted authentic RUHSOLD Profane examples,40,i hate ors bhenchod,bhenchod exams uff,slept for only 4 hours last night bc match daikhty daikhty girny wala hua wa hun,rt : fariha without fa is riha and  riha kerdo koi bhenchod is zindagi se,sary mard ko chup kr do bc
class4_batch001_sample030012,1,30012,4,Profane,431012,435012,v3_original_demo_boundary_prompt,4-shot random authentic same-class,Shortlisted authentic RUHSOLD Profane examples,40,bauhat sardi hai bc,"rt : koi physics samjha de bhenchod,,,,",pubg lover hath toota howa hai phir b pubg nhai chorni bc😂😂😂,bhenchod aaj sirf roneka mann kar raha hai,rt : tum logon ko aisa nahi pata
class4_batch001_sample030013,1,30013,4,Profane,431013,435013,v3_original_demo_boundary_prompt,4-shot random authentic same-class,Shortlisted authentic RUHSOLD Profane examples,40,why can’t i multitask???? i’m 22 fucking years old and i still dont know how to multitask bhenchod,ajeeeeb bc 😒😂,bhenchod aaj sirf roneka mann kar raha hai,2 years ago i asked my father for my own car. so he said “hbl car loan se lelo” bc itni khajal khawari keh tang akar i bought used honda civic. and mine is way better than new honda city. or sashky apny,kutte jaisi larki
class4_batch001_sample030014,1,30014,4,Profane,431014,435014,v3_original_demo_boundary_prompt,4-shot random authentic same-class,Shortlisted authentic RUHSOLD Profane examples,40,rt : birthday wali feel hi nai arahi bhenchod,main 5'8 ke sath bh chota lgta hn bc😶😑😑😑,i hate ors bhenchod,mera bhi yaar bhai...jindgi jhand ho gya hai bhenchodv 3 t20 me 300 rupya haar gye....,abe bc kia haal hai saare duniya ko
class4_batch001_sample030015,1,30015,4,Profane,431015,435015,v3_original_demo_boundary_prompt,4-shot random authentic same-class,Shortlisted authentic RUHSOLD Profane examples,40,"tm jao ma ni ja rha, pehly he adhi zindagi saffr mein guzr gai bc meri.",bc 40 rupees karaya kar diya hai is se acha to banda uber ya cream karwa laye 😏😏😏,bhenchod kahan phass gaya hoon,bhenchod mairi thand se phatt rahi hai,kisi randi ke bachy ka jism kisi aurat ka haq nahi
class4_batch001_sample030016,1,30016,4,Profane,431016,435016,v3_original_demo_boundary_prompt,4-shot random authentic same-class,Shortlisted authentic RUHSOLD Profane examples,40,i should've a bhenchod counter which will count the amount of times i've sad bhenchod,bhenchod bht kutti haaalat huwe we he bhai,dil sumbhal ja zra bhenchod,bhenchod exams uff,jis ny tumhara koi problem dekha tha wo sabse bada kaam karne wala tha aur apna bhi gaya ab
class4_batch001_sample030017,1,30017,4,Profane,431017,435017,v3_original_demo_boundary_prompt,4-shot random authentic same-class,Shortlisted authentic RUHSOLD Profane examples,40,mere pas tum ho ny to puray saal ka rula dia bhenchod,"rt : yaar magar wifi bandh na karna, missile vissile daal do koi dikkat nahi, magar internet chahiye bc",bhenchod exams uff,bc 40 rupees karaya kar diya hai is se acha to banda uber ya cream karwa laye 😏😏😏,kutte ki nasl gandu tera baap h
class4_batch001_sample030018,1,30018,4,Profane,431018,435018,v3_original_demo_boundary_prompt,4-shot random authentic same-class,Shortlisted authentic RUHSOLD Profane examples,40,nazar lag gayi bhenchod fuck this i knew it would never last,neend aa rhi h bc main sone jaa rhi hu 😂,bhenchod what a goal!,bc 40 rupees karaya kar diya hai is se acha to banda uber ya cream karwa laye 😏😏😏,mjhy pata nhi ye kya hota h
class4_batch001_sample030019,1,30019,4,Profane,431019,435019,v3_original_demo_boundary_prompt,4-shot random authentic same-class,Shortlisted authentic RUHSOLD Profane examples,40,code bhee saaf karna hai abheeee bc,pubg lover hath toota howa hai phir b pubg nhai chorni bc😂😂😂,neend aa rhi h bc main sone jaa rhi hu 😂,rt : birthday wali feel hi nai arahi bhenchod,ye 6000 ki tarah nhi pata 6000 ka
class4_batch001_sample030020,1,30020,4,Profane,431020,435020,v3_original_demo_boundary_prompt,4-shot random authentic same-class,Shortlisted authentic RUHSOLD Profane examples,40,mere pas tum ho ny to puray saal ka rula dia bhenchod,"tm jao ma ni ja rha, pehly he adhi zindagi saffr mein guzr gai bc meri.",i hate ors bhenchod,mera bhi yaar bhai...jindgi jhand ho gya hai bhenchodv 3 t20 me 300 rupya haar gye....,i am just a charsi ki nasal
class4_batch001_sample030021,1,30021,4,Profane,431021,435021,v3_original_demo_boundary_prompt,4-shot random authentic same-class,Shortlisted authentic RUHSOLD Profane examples,40,why can’t i multitask???? i’m 22 fucking years old and i still dont know how to multitask bhenchod,code bhee saaf karna hai abheeee bc,dil sumbhal ja zra bhenchod,mera bhi yaar bhai...jindgi jhand ho gya hai bhenchodv 3 t20 me 300 rupya haar gye....,ye hi tu dikh li thi
class4_batch001_sample030022,1,30022,4,Profane,431022,435022,v3_original_demo_boundary_prompt,4-shot random authentic same-class,Shortlisted authentic RUHSOLD Profane examples,40,kyaaaa musibbaattt ha yr sara mood khraab kr diya ha bc,ajeeeeb bc 😒😂,why can’t i multitask???? i’m 22 fucking years old and i still dont know how to multitask bhenchod,bhenchod what a goal!,mashallah tumhari chutiya ka yaar sochta hai?
class4_batch001_sample030023,1,30023,4,Profane,431023,435023,v3_original_demo_boundary_prompt,4-shot random authentic same-class,Shortlisted authentic RUHSOLD Profane examples,40,"rt : yaar magar wifi bandh na karna, missile vissile daal do koi dikkat nahi, magar internet chahiye bc",rt : kisi ko bhulnay k liye ussay yaad karna parta hai. aur idhr bhenchod yaad hi ati rehti hai bus,i hate ors bhenchod,code bhee saaf karna hai abheeee bc,ye gandu pata nhi apni ammi ko paida kiya tha
class4_batch001_sample030024,1,30024,4,Profane,431024,435024,v3_original_demo_boundary_prompt,4-shot random authentic same-class,Shortlisted authentic RUHSOLD Profane examples,40,rt : birthday wali feel hi nai arahi bhenchod,slept for only 4 hours last night bc match daikhty daikhty girny wala hua wa hun,mera bhi yaar bhai...jindgi jhand ho gya hai bhenchodv 3 t20 me 300 rupya haar gye....,bhenchod aaj sirf roneka mann kar raha hai,charsi koi to nae apni maa ki gand ko dhoo kr lgta hai bhenchod
class4_batch001_sample030025,1,30025,4,Profane,431025,435025,v3_original_demo_boundary_prompt,4-shot random authentic same-class,Shortlisted authentic RUHSOLD Profane examples,40,bhenchod kahan phass gaya hoon,rt : bhenchod graph paper pe eraser use karo toh graph paper hi gayab ho jaata hai,main 5'8 ke sath bh chota lgta hn bc😶😑😑😑,2 years ago i asked my father for my own car. so he said “hbl car loan se lelo” bc itni khajal khawari keh tang akar i bought used honda civic. and mine is way better than new honda city. or sashky apny,😂😂😂 yeh hmari life kaha lag rha hai.
class4_batch001_sample030026,1,30026,4,Profane,431026,435026,v3_original_demo_boundary_prompt,4-shot random authentic same-class,Shortlisted authentic RUHSOLD Profane examples,40,bauhat sardi hai bc,mere pas tum ho ny to puray saal ka rula dia bhenchod,main 5'8 ke sath bh chota lgta hn bc😶😑😑😑,rt : birthday wali feel hi nai arahi bhenchod,aisi baat kya thi jo tere jaisa lagti thi bhenchod
class4_batch001_sample030027,1,30027,4,Profane,431027,435027,v3_original_demo_boundary_prompt,4-shot random authentic same-class,Shortlisted authentic RUHSOLD Profane examples,40,bhenchod kya hai ye sb,rt : asa kon ludo khelta hi bc ....😇,fuck man. the pain is traveling. bhenchod ye naya e corridor khul gya hai.,rt : bhenchod graph paper pe eraser use karo toh graph paper hi gayab ho jaata hai,rt : i'm so fucking tired of this shit
class4_batch001_sample030028,1,30028,4,Profane,431028,435028,v3_original_demo_boundary_prompt,4-shot random authentic same-class,Shortlisted authentic RUHSOLD Profane examples,40,2 years ago i asked my father for my own car. so he said “hbl car loan se lelo” bc itni khajal khawari keh tang akar i bought used honda civic. and mine is way better than new honda city. or sashky apny,dil sumbhal ja zra bhenchod,i hate ors bhenchod,bc bb khatm ho gya but i cant move on,rt : 2019 mein tera naam na milega
class4_batch001_sample030029,1,30029,4,Profane,431029,435029,v3_original_demo_boundary_prompt,4-shot random authentic same-class,Shortlisted authentic RUHSOLD Profane examples,40,rt : bhenchod graph paper pe eraser use karo toh graph paper hi gayab ho jaata hai,bhenchod parhna hai. par dimaagh ijazat nahi deta. ajeeb chutiyapa hai ye.,bhenchod syllabus kuch aur..aur padhke kuch aur gaya.,dil sumbhal ja zra bhenchod,rt : tu mard hi nahi thaaa kya.
class4_batch001_sample030030,1,30030,4,Profane,431030,435030,v3_original_demo_boundary_prompt,4-shot random authentic same-class,Shortlisted authentic RUHSOLD Profane examples,40,bhenchod parhna hai. par dimaagh ijazat nahi deta. ajeeb chutiyapa hai ye.,rt : birthday wali feel hi nai arahi bhenchod,my entire neighborhood is making weird sounds bhenchod shaddi hai kya,fuck man. the pain is traveling. bhenchod ye naya e corridor khul gya hai.,abe bhenchod tu mazaq kar rha tha yaar
class4_batch001_sample030031,1,30031,4,Profane,431031,435031,v3_original_demo_boundary_prompt,4-shot random authentic same-class,Shortlisted authentic RUHSOLD Profane examples,40,kyaaaa musibbaattt ha yr sara mood khraab kr diya ha bc,main 5'8 ke sath bh chota lgta hn bc😶😑😑😑,bhenchod exams uff,code bhee saaf karna hai abheeee bc,nahi nhi hain bc
class4_batch001_sample030032,1,30032,4,Profane,431032,435032,v3_original_demo_boundary_prompt,4-shot random authentic same-class,Shortlisted authentic RUHSOLD Profane examples,40,"tm jao ma ni ja rha, pehly he adhi zindagi saffr mein guzr gai bc meri.",ajeeeeb bc 😒😂,bhenchod parhna hai. par dimaagh ijazat nahi deta. ajeeb chutiyapa hai ye.,bauhat sardi hai bc,aby ye kya hota hai bc?
class4_batch001_sample030033,1,30033,4,Profane,431033,435033,v3_original_demo_boundary_prompt,4-shot random authentic same-class,Shortlisted authentic RUHSOLD Profane examples,40,2 years ago i asked my father for my own car. so he said “hbl car loan se lelo” bc itni khajal khawari keh tang akar i bought used honda civic. and mine is way better than new honda city. or sashky apny,nazar lag gayi bhenchod fuck this i knew it would never last,kyaaaa musibbaattt ha yr sara mood khraab kr diya ha bc,bhenchod syllabus kuch aur..aur padhke kuch aur gaya.,oho bhai wo 100% ha mera dna tha ye pata nhi kbhi nae kiya ha
class4_batch001_sample030034,1,30034,4,Profane,431034,435034,v3_original_demo_boundary_prompt,4-shot random authentic same-class,Shortlisted authentic RUHSOLD Profane examples,40,bhenchod what a goal!,rt : bhenchod graph paper pe eraser use karo toh graph paper hi gayab ho jaata hai,ajeeeeb bc 😒😂,naak bandd ho gya bc.,mtlb bc sab dekh lo apna charsi
class4_batch001_sample030035,1,30035,4,Profane,431035,435035,v3_original_demo_boundary_prompt,4-shot random authentic same-class,Shortlisted authentic RUHSOLD Profane examples,40,bc bb khatm ho gya but i cant move on,"tm jao ma ni ja rha, pehly he adhi zindagi saffr mein guzr gai bc meri.",i hate ors bhenchod,neend aa rhi h bc main sone jaa rhi hu 😂,rt :   tere baap ki aulad hai bc
class4_batch001_sample030036,1,30036,4,Profane,431036,435036,v3_original_demo_boundary_prompt,4-shot random authentic same-class,Shortlisted authentic RUHSOLD Profane examples,40,my entire neighborhood is making weird sounds bhenchod shaddi hai kya,bhenchod parhna hai. par dimaagh ijazat nahi deta. ajeeb chutiyapa hai ye.,bhenchod aaj sirf roneka mann kar raha hai,"tm jao ma ni ja rha, pehly he adhi zindagi saffr mein guzr gai bc meri.",yeh kya baat hai bc
class4_batch001_sample030037,1,30037,4,Profane,431037,435037,v3_original_demo_boundary_prompt,4-shot random authentic same-class,Shortlisted authentic RUHSOLD Profane examples,40,bc bb khatm ho gya but i cant move on,rt : asa kon ludo khelta hi bc ....😇,inn coaching vaalou ko kaise pta chal jaata hai mera result bhenchod.,dil sumbhal ja zra bhenchod,teri ma ki phudi bhonk lia tha bhenchod
class4_batch001_sample030038,1,30038,4,Profane,431038,435038,v3_original_demo_boundary_prompt,4-shot random authentic same-class,Shortlisted authentic RUHSOLD Profane examples,40,rt : birthday wali feel hi nai arahi bhenchod,rt : fariha without fa is riha and  riha kerdo koi bhenchod is zindagi se,"tm jao ma ni ja rha, pehly he adhi zindagi saffr mein guzr gai bc meri.","rt : yaar magar wifi bandh na karna, missile vissile daal do koi dikkat nahi, magar internet chahiye bc",rt : chutiya apna mc pata hai?
class4_batch001_sample030039,1,30039,4,Profane,431039,435039,v3_original_demo_boundary_prompt,4-shot random authentic same-class,Shortlisted authentic RUHSOLD Profane examples,40,pubg lover hath toota howa hai phir b pubg nhai chorni bc😂😂😂,main 5'8 ke sath bh chota lgta hn bc😶😑😑😑,rona araha hai bhenchod why am i such a clown why am i so unimportant,dil sumbhal ja zra bhenchod,pata nahi koi insaaf ka maqsad ha bc
class4_batch001_sample030040,1,30040,4,Profane,431040,435040,v3_original_demo_boundary_prompt,4-shot random authentic same-class,Shortlisted authentic RUHSOLD Profane examples,40,rt : bhenchod graph paper pe eraser use karo toh graph paper hi gayab ho jaata hai,kyaaaa musibbaattt ha yr sara mood khraab kr diya ha bc,bhenchod aaj sirf roneka mann kar raha hai,bhenchod kahan phass gaya hoon,nhi na tu bharwe..
class4_batch001_sample030041,1,30041,4,Profane,431041,435041,v3_original_demo_boundary_prompt,4-shot random authentic same-class,Shortlisted authentic RUHSOLD Profane examples,40,i should've a bhenchod counter which will count the amount of times i've sad bhenchod,2 years ago i asked my father for my own car. so he said “hbl car loan se lelo” bc itni khajal khawari keh tang akar i bought used honda civic. and mine is way better than new honda city. or sashky apny,my entire neighborhood is making weird sounds bhenchod shaddi hai kya,bhenchod mairi thand se phatt rahi hai,bc jis ny tumhein kaha nae tha ye kya kiye ho
class4_batch001_sample030042,1,30042,4,Profane,431042,435042,v3_original_demo_boundary_prompt,4-shot random authentic same-class,Shortlisted authentic RUHSOLD Profane examples,40,nazar lag gayi bhenchod fuck this i knew it would never last,bc bb khatm ho gya but i cant move on,kyaaaa musibbaattt ha yr sara mood khraab kr diya ha bc,why can’t i multitask???? i’m 22 fucking years old and i still dont know how to multitask bhenchod,hahaha kuch nae bola bhenchod
class4_batch001_sample030043,1,30043,4,Profane,431043,435043,v3_original_demo_boundary_prompt,4-shot random authentic same-class,Shortlisted authentic RUHSOLD Profane examples,40,bhenchod aaj sirf roneka mann kar raha hai,bhenchod parhna hai. par dimaagh ijazat nahi deta. ajeeb chutiyapa hai ye.,naak bandd ho gya bc.,bc 40 rupees karaya kar diya hai is se acha to banda uber ya cream karwa laye 😏😏😏,ye mc kia jahil aadmi ha
class4_batch001_sample030044,1,30044,4,Profane,431044,435044,v3_original_demo_boundary_prompt,4-shot random authentic same-class,Shortlisted authentic RUHSOLD Profane examples,40,rt : asa kon ludo khelta hi bc ....😇,rt : bhenchod graph paper pe eraser use karo toh graph paper hi gayab ho jaata hai,inn coaching vaalou ko kaise pta chal jaata hai mera result bhenchod.,mere pas tum ho ny to puray saal ka rula dia bhenchod,kutto ke bachey kutte jaisi behn kahin nhi dete ye jo gandu kaha kar rahe
class4_batch001_sample030045,1,30045,4,Profane,431045,435045,v3_original_demo_boundary_prompt,4-shot random authentic same-class,Shortlisted authentic RUHSOLD Profane examples,40,pubg lover hath toota howa hai phir b pubg nhai chorni bc😂😂😂,bhenchod kahan phass gaya hoon,bhenchod syllabus kuch aur..aur padhke kuch aur gaya.,rona araha hai bhenchod why am i such a clown why am i so unimportant,mc ki nasal khol jata hai yaar
class4_batch001_sample030046,1,30046,4,Profane,431046,435046,v3_original_demo_boundary_prompt,4-shot random authentic same-class,Shortlisted authentic RUHSOLD Profane examples,40,2 years ago i asked my father for my own car. so he said “hbl car loan se lelo” bc itni khajal khawari keh tang akar i bought used honda civic. and mine is way better than new honda city. or sashky apny,naak bandd ho gya bc.,bhenchod mairi thand se phatt rahi hai,code bhee saaf karna hai abheeee bc,bhag jao bc
class4_batch001_sample030047,1,30047,4,Profane,431047,435047,v3_original_demo_boundary_prompt,4-shot random authentic same-class,Shortlisted authentic RUHSOLD Profane examples,40,fuck man. the pain is traveling. bhenchod ye naya e corridor khul gya hai.,2 years ago i asked my father for my own car. so he said “hbl car loan se lelo” bc itni khajal khawari keh tang akar i bought used honda civic. and mine is way better than new honda city. or sashky apny,inn coaching vaalou ko kaise pta chal jaata hai mera result bhenchod.,rt : asa kon ludo khelta hi bc ....😇,bhenchod mein apna khao ga
class4_batch001_sample030048,1,30048,4,Profane,431048,435048,v3_original_demo_boundary_prompt,4-shot random authentic same-class,Shortlisted authentic RUHSOLD Profane examples,40,rt : fariha without fa is riha and  riha kerdo koi bhenchod is zindagi se,bhenchod aaj sirf roneka mann kar raha hai,mera bhi yaar bhai...jindgi jhand ho gya hai bhenchodv 3 t20 me 300 rupya haar gye....,rt : asa kon ludo khelta hi bc ....😇,rt : bhenchod ek baat samne mat lein..
class4_batch001_sample030049,1,30049,4,Profane,431049,435049,v3_original_demo_boundary_prompt,4-shot random authentic same-class,Shortlisted authentic RUHSOLD Profane examples,40,ajeeeeb bc 😒😂,nazar lag gayi bhenchod fuck this i knew it would never last,bhenchod mairi thand se phatt rahi hai,2 years ago i asked my father for my own car. so he said “hbl car loan se lelo” bc itni khajal khawari keh tang akar i bought used honda civic. and mine is way better than new honda city. or sashky apny,bc ye logon ki shakal dekh kar dikha rhi hain
class4_batch001_sample030050,1,30050,4,Profane,431050,435050,v3_original_demo_boundary_prompt,4-shot random authentic same-class,Shortlisted authentic RUHSOLD Profane examples,40,bhenchod parhna hai. par dimaagh ijazat nahi deta. ajeeb chutiyapa hai ye.,"rt : koi physics samjha de bhenchod,,,,",bhenchod kya hai ye sb,naak bandd ho gya bc.,rt : abb bahar jaao na bhenchod
class4_batch001_sample030051,1,30051,4,Profane,431051,435051,v3_original_demo_boundary_prompt,4-shot random authentic same-class,Shortlisted authentic RUHSOLD Profane examples,40,inn coaching vaalou ko kaise pta chal jaata hai mera result bhenchod.,rt : kisi ko bhulnay k liye ussay yaad karna parta hai. aur idhr bhenchod yaad hi ati rehti hai bus,"tm jao ma ni ja rha, pehly he adhi zindagi saffr mein guzr gai bc meri.",i hate ors bhenchod,bhenchod. apne baap ki tarah.
class4_batch001_sample030052,1,30052,4,Profane,431052,435052,v3_original_demo_boundary_prompt,4-shot random authentic same-class,Shortlisted authentic RUHSOLD Profane examples,40,mera bhi yaar bhai...jindgi jhand ho gya hai bhenchodv 3 t20 me 300 rupya haar gye....,bhenchod kahan phass gaya hoon,bauhat sardi hai bc,my entire neighborhood is making weird sounds bhenchod shaddi hai kya,meri jaldi ni milti maa chodta hae
class4_batch001_sample030053,1,30053,4,Profane,431053,435053,v3_original_demo_boundary_prompt,4-shot random authentic same-class,Shortlisted authentic RUHSOLD Profane examples,40,mera bhi yaar bhai...jindgi jhand ho gya hai bhenchodv 3 t20 me 300 rupya haar gye....,2 years ago i asked my father for my own car. so he said “hbl car loan se lelo” bc itni khajal khawari keh tang akar i bought used honda civic. and mine is way better than new honda city. or sashky apny,dil sumbhal ja zra bhenchod,rt : birthday wali feel hi nai arahi bhenchod,rt : koi chahiye tha bhenchod
class4_batch001_sample030054,1,30054,4,Profane,431054,435054,v3_original_demo_boundary_prompt,4-shot random authentic same-class,Shortlisted authentic RUHSOLD Profane examples,40,dil sumbhal ja zra bhenchod,bhenchod aaj sirf roneka mann kar raha hai,rt : kisi ko bhulnay k liye ussay yaad karna parta hai. aur idhr bhenchod yaad hi ati rehti hai bus,mere pas tum ho ny to puray saal ka rula dia bhenchod,mtlb jb yahi sochta hoon ki kya ye baat na thi to maine tere ghar se dikha diya..!
class4_batch001_sample030055,1,30055,4,Profane,431055,435055,v3_original_demo_boundary_prompt,4-shot random authentic same-class,Shortlisted authentic RUHSOLD Profane examples,40,slept for only 4 hours last night bc match daikhty daikhty girny wala hua wa hun,bhenchod mairi thand se phatt rahi hai,mere pas tum ho ny to puray saal ka rula dia bhenchod,i hate ors bhenchod,rt : bhenchod kbhi sone ki chudai krte hain
class4_batch001_sample030056,1,30056,4,Profane,431056,435056,v3_original_demo_boundary_prompt,4-shot random authentic same-class,Shortlisted authentic RUHSOLD Profane examples,40,code bhee saaf karna hai abheeee bc,neend aa rhi h bc main sone jaa rhi hu 😂,i hate ors bhenchod,nazar lag gayi bhenchod fuck this i knew it would never last,rt : bc sabse lambi chutiya
class4_batch001_sample030057,1,30057,4,Profane,431057,435057,v3_original_demo_boundary_prompt,4-shot random authentic same-class,Shortlisted authentic RUHSOLD Profane examples,40,naak bandd ho gya bc.,nazar lag gayi bhenchod fuck this i knew it would never last,fuck man. the pain is traveling. bhenchod ye naya e corridor khul gya hai.,bhenchod aaj sirf roneka mann kar raha hai,mc tu bahir betha hy. 😑
class4_batch001_sample030058,1,30058,4,Profane,431058,435058,v3_original_demo_boundary_prompt,4-shot random authentic same-class,Shortlisted authentic RUHSOLD Profane examples,40,rt : fariha without fa is riha and  riha kerdo koi bhenchod is zindagi se,bc 40 rupees karaya kar diya hai is se acha to banda uber ya cream karwa laye 😏😏😏,fuck man. the pain is traveling. bhenchod ye naya e corridor khul gya hai.,"rt : yaar magar wifi bandh na karna, missile vissile daal do koi dikkat nahi, magar internet chahiye bc",rt : ye harami lanti bakwas kiya raha hai
class4_batch001_sample030059,1,30059,4,Profane,431059,435059,v3_original_demo_boundary_prompt,4-shot random authentic same-class,Shortlisted authentic RUHSOLD Profane examples,40,"rt : yaar magar wifi bandh na karna, missile vissile daal do koi dikkat nahi, magar internet chahiye bc",mera bhi yaar bhai...jindgi jhand ho gya hai bhenchodv 3 t20 me 300 rupya haar gye....,bc 40 rupees karaya kar diya hai is se acha to banda uber ya cream karwa laye 😏😏😏,naak bandd ho gya bc.,lahore ka haqiqat yeh hai ki ajeeb saari zameen hi aisi hai jo apni taraf hi khush hai bc
class4_batch001_sample030060,1,30060,4,Profane,431060,435060,v3_original_demo_boundary_prompt,4-shot random authentic same-class,Shortlisted authentic RUHSOLD Profane examples,40,pubg lover hath toota howa hai phir b pubg nhai chorni bc😂😂😂,ajeeeeb bc 😒😂,2 years ago i asked my father for my own car. so he said “hbl car loan se lelo” bc itni khajal khawari keh tang akar i bought used honda civic. and mine is way better than new honda city. or sashky apny,inn coaching vaalou ko kaise pta chal jaata hai mera result bhenchod.,bs meri bat karu na ma ny bhi ye hi kr diya tha
class4_batch001_sample030061,1,30061,4,Profane,431061,435061,v3_original_demo_boundary_prompt,4-shot random authentic same-class,Shortlisted authentic RUHSOLD Profane examples,40,bhenchod what a goal!,naak bandd ho gya bc.,bhenchod bht kutti haaalat huwe we he bhai,mera bhi yaar bhai...jindgi jhand ho gya hai bhenchodv 3 t20 me 300 rupya haar gye....,ye randi ka beta saali
class4_batch001_sample030062,1,30062,4,Profane,431062,435062,v3_original_demo_boundary_prompt,4-shot random authentic same-class,Shortlisted authentic RUHSOLD Profane examples,40,bhenchod bht kutti haaalat huwe we he bhai,my entire neighborhood is making weird sounds bhenchod shaddi hai kya,bhenchod exams uff,slept for only 4 hours last night bc match daikhty daikhty girny wala hua wa hun,bhenchod sahi hai bahir jao koi chutiye hi nhi rha hai
class4_batch001_sample030063,1,30063,4,Profane,431063,435063,v3_original_demo_boundary_prompt,4-shot random authentic same-class,Shortlisted authentic RUHSOLD Profane examples,40,rt : birthday wali feel hi nai arahi bhenchod,inn coaching vaalou ko kaise pta chal jaata hai mera result bhenchod.,bauhat sardi hai bc,code bhee saaf karna hai abheeee bc,bhai ye tweet pehly apna account banana chahta tha lekin agar tumhari maa behn ne tere jesi gandu ka account band kr dia hoti to ye bhenchod
class4_batch001_sample030064,1,30064,4,Profane,431064,435064,v3_original_demo_boundary_prompt,4-shot random authentic same-class,Shortlisted authentic RUHSOLD Profane examples,40,neend aa rhi h bc main sone jaa rhi hu 😂,"rt : yaar magar wifi bandh na karna, missile vissile daal do koi dikkat nahi, magar internet chahiye bc",rt : kisi ko bhulnay k liye ussay yaad karna parta hai. aur idhr bhenchod yaad hi ati rehti hai bus,mera bhi yaar bhai...jindgi jhand ho gya hai bhenchodv 3 t20 me 300 rupya haar gye....,rt : yr dekhlo bharwe apni maa ki nanga pic share krta hai 😂
class4_batch001_sample030065,1,30065,4,Profane,431065,435065,v3_original_demo_boundary_prompt,4-shot random authentic same-class,Shortlisted authentic RUHSOLD Profane examples,40,fuck man. the pain is traveling. bhenchod ye naya e corridor khul gya hai.,bauhat sardi hai bc,bhenchod kya hai ye sb,rt : birthday wali feel hi nai arahi bhenchod,mtlb bc jab tak zindagi mein tu samjh raha tha naa...bhenchod itne saal main unka maa baap tere liye pata chala gaya hai
class4_batch001_sample030066,1,30066,4,Profane,431066,435066,v3_original_demo_boundary_prompt,4-shot random authentic same-class,Shortlisted authentic RUHSOLD Profane examples,40,2 years ago i asked my father for my own car. so he said “hbl car loan se lelo” bc itni khajal khawari keh tang akar i bought used honda civic. and mine is way better than new honda city. or sashky apny,"tm jao ma ni ja rha, pehly he adhi zindagi saffr mein guzr gai bc meri.",ajeeeeb bc 😒😂,bhenchod kya hai ye sb,bc kabhi nai bolo bhenchod
class4_batch001_sample030067,1,30067,4,Profane,431067,435067,v3_original_demo_boundary_prompt,4-shot random authentic same-class,Shortlisted authentic RUHSOLD Profane examples,40,rt : birthday wali feel hi nai arahi bhenchod,ajeeeeb bc 😒😂,main 5'8 ke sath bh chota lgta hn bc😶😑😑😑,2 years ago i asked my father for my own car. so he said “hbl car loan se lelo” bc itni khajal khawari keh tang akar i bought used honda civic. and mine is way better than new honda city. or sashky apny,tu mjy lagti ha na ki tera baap jis ka maa thi wohi bola hoga
class4_batch001_sample030068,1,30068,4,Profane,431068,435068,v3_original_demo_boundary_prompt,4-shot random authentic same-class,Shortlisted authentic RUHSOLD Profane examples,40,i should've a bhenchod counter which will count the amount of times i've sad bhenchod,inn coaching vaalou ko kaise pta chal jaata hai mera result bhenchod.,bhenchod mairi thand se phatt rahi hai,rona araha hai bhenchod why am i such a clown why am i so unimportant,rt : bhenchod ye toh tweet nhi ha na
class4_batch001_sample030069,1,30069,4,Profane,431069,435069,v3_original_demo_boundary_prompt,4-shot random authentic same-class,Shortlisted authentic RUHSOLD Profane examples,40,bhenchod kya hai ye sb,bc 40 rupees karaya kar diya hai is se acha to banda uber ya cream karwa laye 😏😏😏,"tm jao ma ni ja rha, pehly he adhi zindagi saffr mein guzr gai bc meri.",why can’t i multitask???? i’m 22 fucking years old and i still dont know how to multitask bhenchod,rt : shukla ke baare main bahut chutiye logon ne tweeted hi nhi kiun
class4_batch001_sample030070,1,30070,4,Profane,431070,435070,v3_original_demo_boundary_prompt,4-shot random authentic same-class,Shortlisted authentic RUHSOLD Profane examples,40,bhenchod aaj sirf roneka mann kar raha hai,slept for only 4 hours last night bc match daikhty daikhty girny wala hua wa hun,neend aa rhi h bc main sone jaa rhi hu 😂,inn coaching vaalou ko kaise pta chal jaata hai mera result bhenchod.,bhenchod yeh sai ghar ki tarah lag rha hai
class4_batch001_sample030071,1,30071,4,Profane,431071,435071,v3_original_demo_boundary_prompt,4-shot random authentic same-class,Shortlisted authentic RUHSOLD Profane examples,40,rt : fariha without fa is riha and  riha kerdo koi bhenchod is zindagi se,"tm jao ma ni ja rha, pehly he adhi zindagi saffr mein guzr gai bc meri.",bc bb khatm ho gya but i cant move on,rt : birthday wali feel hi nai arahi bhenchod,bc pata chal gaya kaisa hua
class4_batch001_sample030072,1,30072,4,Profane,431072,435072,v3_original_demo_boundary_prompt,4-shot random authentic same-class,Shortlisted authentic RUHSOLD Profane examples,40,bhenchod parhna hai. par dimaagh ijazat nahi deta. ajeeb chutiyapa hai ye.,pubg lover hath toota howa hai phir b pubg nhai chorni bc😂😂😂,mere pas tum ho ny to puray saal ka rula dia bhenchod,inn coaching vaalou ko kaise pta chal jaata hai mera result bhenchod.,mein hu bhi gandu
class4_batch001_sample030073,1,30073,4,Profane,431073,435073,v3_original_demo_boundary_prompt,4-shot random authentic same-class,Shortlisted authentic RUHSOLD Profane examples,40,slept for only 4 hours last night bc match daikhty daikhty girny wala hua wa hun,bhenchod bht kutti haaalat huwe we he bhai,main 5'8 ke sath bh chota lgta hn bc😶😑😑😑,dil sumbhal ja zra bhenchod,yar i'm just saying mera jism meri marzi ki koi ni hota
class4_batch001_sample030074,1,30074,4,Profane,431074,435074,v3_original_demo_boundary_prompt,4-shot random authentic same-class,Shortlisted authentic RUHSOLD Profane examples,40,mere pas tum ho ny to puray saal ka rula dia bhenchod,2 years ago i asked my father for my own car. so he said “hbl car loan se lelo” bc itni khajal khawari keh tang akar i bought used honda civic. and mine is way better than new honda city. or sashky apny,bhenchod exams uff,i should've a bhenchod counter which will count the amount of times i've sad bhenchod,rt : aby kabhi mujhy koi nai pta nae jaa krna
class4_batch001_sample030075,1,30075,4,Profane,431075,435075,v3_original_demo_boundary_prompt,4-shot random authentic same-class,Shortlisted authentic RUHSOLD Profane examples,40,bhenchod parhna hai. par dimaagh ijazat nahi deta. ajeeb chutiyapa hai ye.,slept for only 4 hours last night bc match daikhty daikhty girny wala hua wa hun,main 5'8 ke sath bh chota lgta hn bc😶😑😑😑,bauhat sardi hai bc,jb koi chutiya hu na to pata nahi hota k kuch bhi ho ga ya nhi
class4_batch001_sample030076,1,30076,4,Profane,431076,435076,v3_original_demo_boundary_prompt,4-shot random authentic same-class,Shortlisted authentic RUHSOLD Profane examples,40,inn coaching vaalou ko kaise pta chal jaata hai mera result bhenchod.,bhenchod mairi thand se phatt rahi hai,main 5'8 ke sath bh chota lgta hn bc😶😑😑😑,bauhat sardi hai bc,nhi duniya ka jism meri marzi tha bc😂
class4_batch001_sample030077,1,30077,4,Profane,431077,435077,v3_original_demo_boundary_prompt,4-shot random authentic same-class,Shortlisted authentic RUHSOLD Profane examples,40,rt : birthday wali feel hi nai arahi bhenchod,rt : fariha without fa is riha and  riha kerdo koi bhenchod is zindagi se,naak bandd ho gya bc.,bhenchod exams uff,rt : bhenchod hain yeh aurat march
class4_batch001_sample030078,1,30078,4,Profane,431078,435078,v3_original_demo_boundary_prompt,4-shot random authentic same-class,Shortlisted authentic RUHSOLD Profane examples,40,bc 40 rupees karaya kar diya hai is se acha to banda uber ya cream karwa laye 😏😏😏,ajeeeeb bc 😒😂,why can’t i multitask???? i’m 22 fucking years old and i still dont know how to multitask bhenchod,bhenchod kya hai ye sb,rt : bc yar 😂
class4_batch001_sample030079,1,30079,4,Profane,431079,435079,v3_original_demo_boundary_prompt,4-shot random authentic same-class,Shortlisted authentic RUHSOLD Profane examples,40,neend aa rhi h bc main sone jaa rhi hu 😂,rona araha hai bhenchod why am i such a clown why am i so unimportant,mere pas tum ho ny to puray saal ka rula dia bhenchod,bhenchod syllabus kuch aur..aur padhke kuch aur gaya.,ye larkiyon ki zarorat nae hoti kis din beth jae gi uski dushman ko
class4_batch001_sample030080,1,30080,4,Profane,431080,435080,v3_original_demo_boundary_prompt,4-shot random authentic same-class,Shortlisted authentic RUHSOLD Profane examples,40,bhenchod bht kutti haaalat huwe we he bhai,code bhee saaf karna hai abheeee bc,bhenchod kahan phass gaya hoon,main 5'8 ke sath bh chota lgta hn bc😶😑😑😑,ye bhenchod kuch nahi hai tu bhi teri maa ko tera baap se pocha hai
class4_batch001_sample030081,1,30081,4,Profane,431081,435081,v3_original_demo_boundary_prompt,4-shot random authentic same-class,Shortlisted authentic RUHSOLD Profane examples,40,rt : fariha without fa is riha and  riha kerdo koi bhenchod is zindagi se,"tm jao ma ni ja rha, pehly he adhi zindagi saffr mein guzr gai bc meri.",mera bhi yaar bhai...jindgi jhand ho gya hai bhenchodv 3 t20 me 300 rupya haar gye....,ajeeeeb bc 😒😂,pata ni nae sakta ab ye wohi hi soch rahey hain jo apni choti behn ki choot ka najaiz kaam karne ke liye chutiya banwaya hua hai
class4_batch001_sample030082,1,30082,4,Profane,431082,435082,v3_original_demo_boundary_prompt,4-shot random authentic same-class,Shortlisted authentic RUHSOLD Profane examples,40,mere pas tum ho ny to puray saal ka rula dia bhenchod,rt : birthday wali feel hi nai arahi bhenchod,mera bhi yaar bhai...jindgi jhand ho gya hai bhenchodv 3 t20 me 300 rupya haar gye....,bc bb khatm ho gya but i cant move on,"my best friend said ""koi naa"" like she was begging me to stop saying it but now i have to say it because if i don't it feels like i'll go crazyyyy"
class4_batch001_sample030083,1,30083,4,Profane,431083,435083,v3_original_demo_boundary_prompt,4-shot random authentic same-class,Shortlisted authentic RUHSOLD Profane examples,40,bhenchod aaj sirf roneka mann kar raha hai,code bhee saaf karna hai abheeee bc,bauhat sardi hai bc,rt : fariha without fa is riha and  riha kerdo koi bhenchod is zindagi se,bhenchod kis ko pata chala gya haa
class4_batch001_sample030084,1,30084,4,Profane,431084,435084,v3_original_demo_boundary_prompt,4-shot random authentic same-class,Shortlisted authentic RUHSOLD Profane examples,40,bhenchod parhna hai. par dimaagh ijazat nahi deta. ajeeb chutiyapa hai ye.,naak bandd ho gya bc.,why can’t i multitask???? i’m 22 fucking years old and i still dont know how to multitask bhenchod,bhenchod syllabus kuch aur..aur padhke kuch aur gaya.,tere jaisay bharwey se hi pata chalta haa
class4_batch001_sample030085,1,30085,4,Profane,431085,435085,v3_original_demo_boundary_prompt,4-shot random authentic same-class,Shortlisted authentic RUHSOLD Profane examples,40,why can’t i multitask???? i’m 22 fucking years old and i still dont know how to multitask bhenchod,bhenchod bht kutti haaalat huwe we he bhai,kyaaaa musibbaattt ha yr sara mood khraab kr diya ha bc,bhenchod exams uff,rt : charsi jaisa mera mood raha ha
class4_batch001_sample030086,1,30086,4,Profane,431086,435086,v3_original_demo_boundary_prompt,4-shot random authentic same-class,Shortlisted authentic RUHSOLD Profane examples,40,mera bhi yaar bhai...jindgi jhand ho gya hai bhenchodv 3 t20 me 300 rupya haar gye....,rona araha hai bhenchod why am i such a clown why am i so unimportant,neend aa rhi h bc main sone jaa rhi hu 😂,i hate ors bhenchod,rt : ye chutiya hai kya?
class4_batch001_sample030087,1,30087,4,Profane,431087,435087,v3_original_demo_boundary_prompt,4-shot random authentic same-class,Shortlisted authentic RUHSOLD Profane examples,40,2 years ago i asked my father for my own car. so he said “hbl car loan se lelo” bc itni khajal khawari keh tang akar i bought used honda civic. and mine is way better than new honda city. or sashky apny,mere pas tum ho ny to puray saal ka rula dia bhenchod,bhenchod kahan phass gaya hoon,bhenchod mairi thand se phatt rahi hai,rt : ye charsi ki aulad hai bc
class4_batch001_sample030088,1,30088,4,Profane,431088,435088,v3_original_demo_boundary_prompt,4-shot random authentic same-class,Shortlisted authentic RUHSOLD Profane examples,40,bhenchod parhna hai. par dimaagh ijazat nahi deta. ajeeb chutiyapa hai ye.,bhenchod bht kutti haaalat huwe we he bhai,bhenchod exams uff,i hate ors bhenchod,mein bhi dekhta hun bhenchod
class4_batch001_sample030089,1,30089,4,Profane,431089,435089,v3_original_demo_boundary_prompt,4-shot random authentic same-class,Shortlisted authentic RUHSOLD Profane examples,40,bc 40 rupees karaya kar diya hai is se acha to banda uber ya cream karwa laye 😏😏😏,rt : bhenchod graph paper pe eraser use karo toh graph paper hi gayab ho jaata hai,slept for only 4 hours last night bc match daikhty daikhty girny wala hua wa hun,bhenchod aaj sirf roneka mann kar raha hai,rt : bc gharwali nahe bhi jain aurat march ke liye
class4_batch001_sample030090,1,30090,4,Profane,431090,435090,v3_original_demo_boundary_prompt,4-shot random authentic same-class,Shortlisted authentic RUHSOLD Profane examples,40,naak bandd ho gya bc.,i should've a bhenchod counter which will count the amount of times i've sad bhenchod,2 years ago i asked my father for my own car. so he said “hbl car loan se lelo” bc itni khajal khawari keh tang akar i bought used honda civic. and mine is way better than new honda city. or sashky apny,rt : asa kon ludo khelta hi bc ....😇,haaaaan mjy dikhti thi wo bhi bhenchod
class4_batch001_sample030091,1,30091,4,Profane,431091,435091,v3_original_demo_boundary_prompt,4-shot random authentic same-class,Shortlisted authentic RUHSOLD Profane examples,40,bhenchod what a goal!,rt : bhenchod graph paper pe eraser use karo toh graph paper hi gayab ho jaata hai,rt : birthday wali feel hi nai arahi bhenchod,bhenchod syllabus kuch aur..aur padhke kuch aur gaya.,bhenchod aby koi 2000+ followers ki tweet nahi dikhani
class4_batch001_sample030092,1,30092,4,Profane,431092,435092,v3_original_demo_boundary_prompt,4-shot random authentic same-class,Shortlisted authentic RUHSOLD Profane examples,40,code bhee saaf karna hai abheeee bc,"tm jao ma ni ja rha, pehly he adhi zindagi saffr mein guzr gai bc meri.","rt : yaar magar wifi bandh na karna, missile vissile daal do koi dikkat nahi, magar internet chahiye bc",bhenchod kya hai ye sb,bharwe hain bhenchod
class4_batch001_sample030093,1,30093,4,Profane,431093,435093,v3_original_demo_boundary_prompt,4-shot random authentic same-class,Shortlisted authentic RUHSOLD Profane examples,40,bauhat sardi hai bc,bhenchod kahan phass gaya hoon,bhenchod mairi thand se phatt rahi hai,bhenchod aaj sirf roneka mann kar raha hai,bc tum logon ko dikhna chahye ki kya ho rha hai
class4_batch001_sample030094,1,30094,4,Profane,431094,435094,v3_original_demo_boundary_prompt,4-shot random authentic same-class,Shortlisted authentic RUHSOLD Profane examples,40,slept for only 4 hours last night bc match daikhty daikhty girny wala hua wa hun,bhenchod kya hai ye sb,inn coaching vaalou ko kaise pta chal jaata hai mera result bhenchod.,bhenchod kahan phass gaya hoon,jab tak tu apni maa ko dikhana chahta ho tab tak tu nhi dekh sakta
class4_batch001_sample030095,1,30095,4,Profane,431095,435095,v3_original_demo_boundary_prompt,4-shot random authentic same-class,Shortlisted authentic RUHSOLD Profane examples,40,rt : bhenchod graph paper pe eraser use karo toh graph paper hi gayab ho jaata hai,rona araha hai bhenchod why am i such a clown why am i so unimportant,"tm jao ma ni ja rha, pehly he adhi zindagi saffr mein guzr gai bc meri.",rt : fariha without fa is riha and  riha kerdo koi bhenchod is zindagi se,rt : mera dil tumhara dil hoga ab bhenchod
class4_batch001_sample030096,1,30096,4,Profane,431096,435096,v3_original_demo_boundary_prompt,4-shot random authentic same-class,Shortlisted authentic RUHSOLD Profane examples,40,"rt : koi physics samjha de bhenchod,,,,",nazar lag gayi bhenchod fuck this i knew it would never last,my entire neighborhood is making weird sounds bhenchod shaddi hai kya,mera bhi yaar bhai...jindgi jhand ho gya hai bhenchodv 3 t20 me 300 rupya haar gye....,ye tha kuch nhi chodta ab to utha dete hain
class4_batch001_sample030097,1,30097,4,Profane,431097,435097,v3_original_demo_boundary_prompt,4-shot random authentic same-class,Shortlisted authentic RUHSOLD Profane examples,40,bhenchod parhna hai. par dimaagh ijazat nahi deta. ajeeb chutiyapa hai ye.,bhenchod mairi thand se phatt rahi hai,mera bhi yaar bhai...jindgi jhand ho gya hai bhenchodv 3 t20 me 300 rupya haar gye....,main 5'8 ke sath bh chota lgta hn bc😶😑😑😑,teri ma ki choot maru ga bhenchod
class4_batch001_sample030098,1,30098,4,Profane,431098,435098,v3_original_demo_boundary_prompt,4-shot random authentic same-class,Shortlisted authentic RUHSOLD Profane examples,40,neend aa rhi h bc main sone jaa rhi hu 😂,rt : kisi ko bhulnay k liye ussay yaad karna parta hai. aur idhr bhenchod yaad hi ati rehti hai bus,bhenchod parhna hai. par dimaagh ijazat nahi deta. ajeeb chutiyapa hai ye.,kyaaaa musibbaattt ha yr sara mood khraab kr diya ha bc,tu kya dum ho?
class4_batch001_sample030099,1,30099,4,Profane,431099,435099,v3_original_demo_boundary_prompt,4-shot random authentic same-class,Shortlisted authentic RUHSOLD Profane examples,40,"tm jao ma ni ja rha, pehly he adhi zindagi saffr mein guzr gai bc meri.",bauhat sardi hai bc,nazar lag gayi bhenchod fuck this i knew it would never last,"rt : koi physics samjha de bhenchod,,,,",pta nahi kahan bhenchod
class4_batch001_sample030100,1,30100,4,Profane,431100,435100,v3_original_demo_boundary_prompt,4-shot random authentic same-class,Shortlisted authentic RUHSOLD Profane examples,40,nazar lag gayi bhenchod fuck this i knew it would never last,pubg lover hath toota howa hai phir b pubg nhai chorni bc😂😂😂,bhenchod aaj sirf roneka mann kar raha hai,rt : bhenchod graph paper pe eraser use karo toh graph paper hi gayab ho jaata hai,nahin abhi tak wahi kaam kiya tha kehne se
class4_batch001_sample030101,1,30101,4,Profane,431101,435101,v3_original_demo_boundary_prompt,4-shot random authentic same-class,Shortlisted authentic RUHSOLD Profane examples,40,code bhee saaf karna hai abheeee bc,bc 40 rupees karaya kar diya hai is se acha to banda uber ya cream karwa laye 😏😏😏,mera bhi yaar bhai...jindgi jhand ho gya hai bhenchodv 3 t20 me 300 rupya haar gye....,rt : birthday wali feel hi nai arahi bhenchod,bc yeh kahan sy nikla
class4_batch001_sample030102,1,30102,4,Profane,431102,435102,v3_original_demo_boundary_prompt,4-shot random authentic same-class,Shortlisted authentic RUHSOLD Profane examples,40,why can’t i multitask???? i’m 22 fucking years old and i still dont know how to multitask bhenchod,i hate ors bhenchod,"tm jao ma ni ja rha, pehly he adhi zindagi saffr mein guzr gai bc meri.",ajeeeeb bc 😒😂,ajeeb bc kya hua tha apko?
class4_batch001_sample030103,1,30103,4,Profane,431103,435103,v3_original_demo_boundary_prompt,4-shot random authentic same-class,Shortlisted authentic RUHSOLD Profane examples,40,main 5'8 ke sath bh chota lgta hn bc😶😑😑😑,bhenchod kya hai ye sb,bhenchod bht kutti haaalat huwe we he bhai,"rt : yaar magar wifi bandh na karna, missile vissile daal do koi dikkat nahi, magar internet chahiye bc",ye bc sab ki zindagi badlne se phele hi dekh liya jata h
class4_batch001_sample030104,1,30104,4,Profane,431104,435104,v3_original_demo_boundary_prompt,4-shot random authentic same-class,Shortlisted authentic RUHSOLD Profane examples,40,"rt : koi physics samjha de bhenchod,,,,",bc bb khatm ho gya but i cant move on,ajeeeeb bc 😒😂,bhenchod mairi thand se phatt rahi hai,randi rona ka matlab kia hai?
class4_batch001_sample030105,1,30105,4,Profane,431105,435105,v3_original_demo_boundary_prompt,4-shot random authentic same-class,Shortlisted authentic RUHSOLD Profane examples,40,i should've a bhenchod counter which will count the amount of times i've sad bhenchod,bhenchod aaj sirf roneka mann kar raha hai,bc bb khatm ho gya but i cant move on,mere pas tum ho ny to puray saal ka rula dia bhenchod,chalo ek baar tu bhool ja sakta hai
class4_batch001_sample030106,1,30106,4,Profane,431106,435106,v3_original_demo_boundary_prompt,4-shot random authentic same-class,Shortlisted authentic RUHSOLD Profane examples,40,"tm jao ma ni ja rha, pehly he adhi zindagi saffr mein guzr gai bc meri.",mere pas tum ho ny to puray saal ka rula dia bhenchod,why can’t i multitask???? i’m 22 fucking years old and i still dont know how to multitask bhenchod,rt : birthday wali feel hi nai arahi bhenchod,rt : 💔😥 koi 😂😂🤣🤣 😂😂😂😂😂😂😂😂😂😂😂😂😂😂
class4_batch001_sample030107,1,30107,4,Profane,431107,435107,v3_original_demo_boundary_prompt,4-shot random authentic same-class,Shortlisted authentic RUHSOLD Profane examples,40,bhenchod kya hai ye sb,neend aa rhi h bc main sone jaa rhi hu 😂,why can’t i multitask???? i’m 22 fucking years old and i still dont know how to multitask bhenchod,rona araha hai bhenchod why am i such a clown why am i so unimportant,rt : shukla ko samjho yaar bharwe nikal de bhagat
class4_batch001_sample030108,1,30108,4,Profane,431108,435108,v3_original_demo_boundary_prompt,4-shot random authentic same-class,Shortlisted authentic RUHSOLD Profane examples,40,why can’t i multitask???? i’m 22 fucking years old and i still dont know how to multitask bhenchod,bc bb khatm ho gya but i cant move on,inn coaching vaalou ko kaise pta chal jaata hai mera result bhenchod.,fuck man. the pain is traveling. bhenchod ye naya e corridor khul gya hai.,abe bhai apke sath sehi hu bhenchod
class4_batch001_sample030109,1,30109,4,Profane,431109,435109,v3_original_demo_boundary_prompt,4-shot random authentic same-class,Shortlisted authentic RUHSOLD Profane examples,40,rt : fariha without fa is riha and  riha kerdo koi bhenchod is zindagi se,inn coaching vaalou ko kaise pta chal jaata hai mera result bhenchod.,neend aa rhi h bc main sone jaa rhi hu 😂,bc bb khatm ho gya but i cant move on,bhai bht jaldi karo na ye wfh ka concept😒
class4_batch001_sample030110,1,30110,4,Profane,431110,435110,v3_original_demo_boundary_prompt,4-shot random authentic same-class,Shortlisted authentic RUHSOLD Profane examples,40,bhenchod bht kutti haaalat huwe we he bhai,bhenchod mairi thand se phatt rahi hai,i should've a bhenchod counter which will count the amount of times i've sad bhenchod,i hate ors bhenchod,ye larka or aisi ki gf ka story rakhega hai na 😂
class4_batch001_sample030111,1,30111,4,Profane,431111,435111,v3_original_demo_boundary_prompt,4-shot random authentic same-class,Shortlisted authentic RUHSOLD Profane examples,40,rona araha hai bhenchod why am i such a clown why am i so unimportant,bc 40 rupees karaya kar diya hai is se acha to banda uber ya cream karwa laye 😏😏😏,bhenchod kya hai ye sb,main 5'8 ke sath bh chota lgta hn bc😶😑😑😑,mera bhosda hai 🙄😂😂
class4_batch001_sample030112,1,30112,4,Profane,431112,435112,v3_original_demo_boundary_prompt,4-shot random authentic same-class,Shortlisted authentic RUHSOLD Profane examples,40,neend aa rhi h bc main sone jaa rhi hu 😂,rt : kisi ko bhulnay k liye ussay yaad karna parta hai. aur idhr bhenchod yaad hi ati rehti hai bus,bc 40 rupees karaya kar diya hai is se acha to banda uber ya cream karwa laye 😏😏😏,fuck man. the pain is traveling. bhenchod ye naya e corridor khul gya hai.,charsi...
class4_batch001_sample030113,1,30113,4,Profane,431113,435113,v3_original_demo_boundary_prompt,4-shot random authentic same-class,Shortlisted authentic RUHSOLD Profane examples,40,why can’t i multitask???? i’m 22 fucking years old and i still dont know how to multitask bhenchod,inn coaching vaalou ko kaise pta chal jaata hai mera result bhenchod.,pubg lover hath toota howa hai phir b pubg nhai chorni bc😂😂😂,code bhee saaf karna hai abheeee bc,bhenchod ye thodi zindagi k liye hi hai
class4_batch001_sample030114,1,30114,4,Profane,431114,435114,v3_original_demo_boundary_prompt,4-shot random authentic same-class,Shortlisted authentic RUHSOLD Profane examples,40,dil sumbhal ja zra bhenchod,why can’t i multitask???? i’m 22 fucking years old and i still dont know how to multitask bhenchod,kyaaaa musibbaattt ha yr sara mood khraab kr diya ha bc,naak bandd ho gya bc.,hahaha ye hai dost woh apne jaise sab ko bhi follow krta ha bc
class4_batch001_sample030115,1,30115,4,Profane,431115,435115,v3_original_demo_boundary_prompt,4-shot random authentic same-class,Shortlisted authentic RUHSOLD Profane examples,40,bhenchod mairi thand se phatt rahi hai,i should've a bhenchod counter which will count the amount of times i've sad bhenchod,code bhee saaf karna hai abheeee bc,neend aa rhi h bc main sone jaa rhi hu 😂,rt : bc wahan aurat march ko band krne ka order chal raha hai
class4_batch001_sample030116,1,30116,4,Profane,431116,435116,v3_original_demo_boundary_prompt,4-shot random authentic same-class,Shortlisted authentic RUHSOLD Profane examples,40,naak bandd ho gya bc.,rt : bhenchod graph paper pe eraser use karo toh graph paper hi gayab ho jaata hai,bhenchod bht kutti haaalat huwe we he bhai,i should've a bhenchod counter which will count the amount of times i've sad bhenchod,bhenchod ye sahi hai ke humein bheek mangne ki zarorat nai
class4_batch001_sample030117,1,30117,4,Profane,431117,435117,v3_original_demo_boundary_prompt,4-shot random authentic same-class,Shortlisted authentic RUHSOLD Profane examples,40,slept for only 4 hours last night bc match daikhty daikhty girny wala hua wa hun,rt : kisi ko bhulnay k liye ussay yaad karna parta hai. aur idhr bhenchod yaad hi ati rehti hai bus,bhenchod syllabus kuch aur..aur padhke kuch aur gaya.,"rt : koi physics samjha de bhenchod,,,,",mera jism meri marzi
class4_batch001_sample030118,1,30118,4,Profane,431118,435118,v3_original_demo_boundary_prompt,4-shot random authentic same-class,Shortlisted authentic RUHSOLD Profane examples,40,rt : kisi ko bhulnay k liye ussay yaad karna parta hai. aur idhr bhenchod yaad hi ati rehti hai bus,main 5'8 ke sath bh chota lgta hn bc😶😑😑😑,inn coaching vaalou ko kaise pta chal jaata hai mera result bhenchod.,my entire neighborhood is making weird sounds bhenchod shaddi hai kya,nahi bhenchod mein to phir bhi hoon
class4_batch001_sample030119,1,30119,4,Profane,431119,435119,v3_original_demo_boundary_prompt,4-shot random authentic same-class,Shortlisted authentic RUHSOLD Profane examples,40,rt : bhenchod graph paper pe eraser use karo toh graph paper hi gayab ho jaata hai,rt : birthday wali feel hi nai arahi bhenchod,2 years ago i asked my father for my own car. so he said “hbl car loan se lelo” bc itni khajal khawari keh tang akar i bought used honda civic. and mine is way better than new honda city. or sashky apny,bhenchod aaj sirf roneka mann kar raha hai,2016 mein tum ny mera ghar chod diya tha bhenchod
class4_batch001_sample030120,1,30120,4,Profane,431120,435120,v3_original_demo_boundary_prompt,4-shot random authentic same-class,Shortlisted authentic RUHSOLD Profane examples,40,fuck man. the pain is traveling. bhenchod ye naya e corridor khul gya hai.,"tm jao ma ni ja rha, pehly he adhi zindagi saffr mein guzr gai bc meri.",neend aa rhi h bc main sone jaa rhi hu 😂,pubg lover hath toota howa hai phir b pubg nhai chorni bc😂😂😂,rt : apni baji ko kuch bolta hai na bc..😜
class4_batch001_sample030121,1,30121,4,Profane,431121,435121,v3_original_demo_boundary_prompt,4-shot random authentic same-class,Shortlisted authentic RUHSOLD Profane examples,40,slept for only 4 hours last night bc match daikhty daikhty girny wala hua wa hun,bhenchod exams uff,mera bhi yaar bhai...jindgi jhand ho gya hai bhenchodv 3 t20 me 300 rupya haar gye....,rona araha hai bhenchod why am i such a clown why am i so unimportant,kb kabhi yeh dekho😂
class4_batch001_sample030122,1,30122,4,Profane,431122,435122,v3_original_demo_boundary_prompt,4-shot random authentic same-class,Shortlisted authentic RUHSOLD Profane examples,40,my entire neighborhood is making weird sounds bhenchod shaddi hai kya,bhenchod parhna hai. par dimaagh ijazat nahi deta. ajeeb chutiyapa hai ye.,mere pas tum ho ny to puray saal ka rula dia bhenchod,rt : bhenchod graph paper pe eraser use karo toh graph paper hi gayab ho jaata hai,rt : bhenchod nhi krte aaj bhi 😂
class4_batch001_sample030123,1,30123,4,Profane,431123,435123,v3_original_demo_boundary_prompt,4-shot random authentic same-class,Shortlisted authentic RUHSOLD Profane examples,40,nazar lag gayi bhenchod fuck this i knew it would never last,"rt : yaar magar wifi bandh na karna, missile vissile daal do koi dikkat nahi, magar internet chahiye bc",mera bhi yaar bhai...jindgi jhand ho gya hai bhenchodv 3 t20 me 300 rupya haar gye....,rt : asa kon ludo khelta hi bc ....😇,"rt : #pmln: pti ki bharween sazish ka badla karain gay, khuda ko sharam karo"
class4_batch001_sample030124,1,30124,4,Profane,431124,435124,v3_original_demo_boundary_prompt,4-shot random authentic same-class,Shortlisted authentic RUHSOLD Profane examples,40,"rt : koi physics samjha de bhenchod,,,,",bhenchod bht kutti haaalat huwe we he bhai,i should've a bhenchod counter which will count the amount of times i've sad bhenchod,2 years ago i asked my father for my own car. so he said “hbl car loan se lelo” bc itni khajal khawari keh tang akar i bought used honda civic. and mine is way better than new honda city. or sashky apny,mahira ko nhi support kr rhy ho
class4_batch001_sample030125,1,30125,4,Profane,431125,435125,v3_original_demo_boundary_prompt,4-shot random authentic same-class,Shortlisted authentic RUHSOLD Profane examples,40,main 5'8 ke sath bh chota lgta hn bc😶😑😑😑,"rt : koi physics samjha de bhenchod,,,,",i hate ors bhenchod,bhenchod aaj sirf roneka mann kar raha hai,apne ko pata hai ye dusra ke jism kya nhi..🤣
class4_batch001_sample030126,1,30126,4,Profane,431126,435126,v3_original_demo_boundary_prompt,4-shot random authentic same-class,Shortlisted authentic RUHSOLD Profane examples,40,naak bandd ho gya bc.,fuck man. the pain is traveling. bhenchod ye naya e corridor khul gya hai.,"rt : koi physics samjha de bhenchod,,,,",rt : asa kon ludo khelta hi bc ....😇,yar ap ko 2000 kro ab ye dm kr raha tha
class4_batch001_sample030127,1,30127,4,Profane,431127,435127,v3_original_demo_boundary_prompt,4-shot random authentic same-class,Shortlisted authentic RUHSOLD Profane examples,40,2 years ago i asked my father for my own car. so he said “hbl car loan se lelo” bc itni khajal khawari keh tang akar i bought used honda civic. and mine is way better than new honda city. or sashky apny,bhenchod aaj sirf roneka mann kar raha hai,"tm jao ma ni ja rha, pehly he adhi zindagi saffr mein guzr gai bc meri.",rt : bhenchod graph paper pe eraser use karo toh graph paper hi gayab ho jaata hai,bhai main ny tumhe dekhta hae mera hai
class4_batch001_sample030128,1,30128,4,Profane,431128,435128,v3_original_demo_boundary_prompt,4-shot random authentic same-class,Shortlisted authentic RUHSOLD Profane examples,40,bhenchod parhna hai. par dimaagh ijazat nahi deta. ajeeb chutiyapa hai ye.,rona araha hai bhenchod why am i such a clown why am i so unimportant,neend aa rhi h bc main sone jaa rhi hu 😂,mera bhi yaar bhai...jindgi jhand ho gya hai bhenchodv 3 t20 me 300 rupya haar gye....,bhenchod bahar kyun nikal rahe ho
class4_batch001_sample030129,1,30129,4,Profane,431129,435129,v3_original_demo_boundary_prompt,4-shot random authentic same-class,Shortlisted authentic RUHSOLD Profane examples,40,fuck man. the pain is traveling. bhenchod ye naya e corridor khul gya hai.,bhenchod parhna hai. par dimaagh ijazat nahi deta. ajeeb chutiyapa hai ye.,nazar lag gayi bhenchod fuck this i knew it would never last,slept for only 4 hours last night bc match daikhty daikhty girny wala hua wa hun,jaaa chod de ga mera naam... bc
class4_batch001_sample030130,1,30130,4,Profane,431130,435130,v3_original_demo_boundary_prompt,4-shot random authentic same-class,Shortlisted authentic RUHSOLD Profane examples,40,rona araha hai bhenchod why am i such a clown why am i so unimportant,kyaaaa musibbaattt ha yr sara mood khraab kr diya ha bc,rt : kisi ko bhulnay k liye ussay yaad karna parta hai. aur idhr bhenchod yaad hi ati rehti hai bus,code bhee saaf karna hai abheeee bc,paisay bhi nahin detey jese jo sharam karwa lo ye gandu
class4_batch001_sample030131,1,30131,4,Profane,431131,435131,v3_original_demo_boundary_prompt,4-shot random authentic same-class,Shortlisted authentic RUHSOLD Profane examples,40,my entire neighborhood is making weird sounds bhenchod shaddi hai kya,ajeeeeb bc 😒😂,rt : fariha without fa is riha and  riha kerdo koi bhenchod is zindagi se,"rt : koi physics samjha de bhenchod,,,,",kuch bhi ni ho raha tha bhai. teri maa ka yaar hoga na apne hi saath mein
class4_batch001_sample030132,1,30132,4,Profane,431132,435132,v3_original_demo_boundary_prompt,4-shot random authentic same-class,Shortlisted authentic RUHSOLD Profane examples,40,my entire neighborhood is making weird sounds bhenchod shaddi hai kya,bhenchod exams uff,mere pas tum ho ny to puray saal ka rula dia bhenchod,pubg lover hath toota howa hai phir b pubg nhai chorni bc😂😂😂,rt : mjy pata nhi ye lga skta bhenchod
class4_batch001_sample030133,1,30133,4,Profane,431133,435133,v3_original_demo_boundary_prompt,4-shot random authentic same-class,Shortlisted authentic RUHSOLD Profane examples,40,kyaaaa musibbaattt ha yr sara mood khraab kr diya ha bc,bhenchod exams uff,rona araha hai bhenchod why am i such a clown why am i so unimportant,bhenchod bht kutti haaalat huwe we he bhai,aaj kuch nahi samjta bhenchod
class4_batch001_sample030134,1,30134,4,Profane,431134,435134,v3_original_demo_boundary_prompt,4-shot random authentic same-class,Shortlisted authentic RUHSOLD Profane examples,40,ajeeeeb bc 😒😂,my entire neighborhood is making weird sounds bhenchod shaddi hai kya,bhenchod kya hai ye sb,slept for only 4 hours last night bc match daikhty daikhty girny wala hua wa hun,jab tak ye dhoka hi na de sakta toh maine kaha tha keh tumhe nahi pata ki humein goli maaro or wo sabhi bolte the bharwe tujhe abhi bhi ye nai pata
class4_batch001_sample030135,1,30135,4,Profane,431135,435135,v3_original_demo_boundary_prompt,4-shot random authentic same-class,Shortlisted authentic RUHSOLD Profane examples,40,nazar lag gayi bhenchod fuck this i knew it would never last,fuck man. the pain is traveling. bhenchod ye naya e corridor khul gya hai.,mere pas tum ho ny to puray saal ka rula dia bhenchod,pubg lover hath toota howa hai phir b pubg nhai chorni bc😂😂😂,bhenchod apny ko tujhy pata nahi tha ki yeh dusre mard ko bhaunk raha hai.
class4_batch001_sample030136,1,30136,4,Profane,431136,435136,v3_original_demo_boundary_prompt,4-shot random authentic same-class,Shortlisted authentic RUHSOLD Profane examples,40,rt : bhenchod graph paper pe eraser use karo toh graph paper hi gayab ho jaata hai,bhenchod exams uff,my entire neighborhood is making weird sounds bhenchod shaddi hai kya,"rt : koi physics samjha de bhenchod,,,,",ye jahil logon ko chakkar mein daala hi nahi tha abhi tak
class4_batch001_sample030137,1,30137,4,Profane,431137,435137,v3_original_demo_boundary_prompt,4-shot random authentic same-class,Shortlisted authentic RUHSOLD Profane examples,40,ajeeeeb bc 😒😂,rona araha hai bhenchod why am i such a clown why am i so unimportant,"rt : koi physics samjha de bhenchod,,,,",kyaaaa musibbaattt ha yr sara mood khraab kr diya ha bc,ye to bhenchod jaisa tha na
class4_batch001_sample030138,1,30138,4,Profane,431138,435138,v3_original_demo_boundary_prompt,4-shot random authentic same-class,Shortlisted authentic RUHSOLD Profane examples,40,2 years ago i asked my father for my own car. so he said “hbl car loan se lelo” bc itni khajal khawari keh tang akar i bought used honda civic. and mine is way better than new honda city. or sashky apny,i should've a bhenchod counter which will count the amount of times i've sad bhenchod,rt : fariha without fa is riha and  riha kerdo koi bhenchod is zindagi se,nazar lag gayi bhenchod fuck this i knew it would never last,bhenchod mjhy pata nahi kyun mujhy yehi gya tha😒
class4_batch001_sample030139,1,30139,4,Profane,431139,435139,v3_original_demo_boundary_prompt,4-shot random authentic same-class,Shortlisted authentic RUHSOLD Profane examples,40,bhenchod bht kutti haaalat huwe we he bhai,main 5'8 ke sath bh chota lgta hn bc😶😑😑😑,bc bb khatm ho gya but i cant move on,i should've a bhenchod counter which will count the amount of times i've sad bhenchod,bc pata ni na kaun bhaunk raha tha
class4_batch001_sample030140,1,30140,4,Profane,431140,435140,v3_original_demo_boundary_prompt,4-shot random authentic same-class,Shortlisted authentic RUHSOLD Profane examples,40,bhenchod what a goal!,bhenchod kya hai ye sb,rt : asa kon ludo khelta hi bc ....😇,2 years ago i asked my father for my own car. so he said “hbl car loan se lelo” bc itni khajal khawari keh tang akar i bought used honda civic. and mine is way better than new honda city. or sashky apny,bhenchod kuch nhi kr rha.
class4_batch001_sample030141,1,30141,4,Profane,431141,435141,v3_original_demo_boundary_prompt,4-shot random authentic same-class,Shortlisted authentic RUHSOLD Profane examples,40,bhenchod aaj sirf roneka mann kar raha hai,why can’t i multitask???? i’m 22 fucking years old and i still dont know how to multitask bhenchod,i hate ors bhenchod,"tm jao ma ni ja rha, pehly he adhi zindagi saffr mein guzr gai bc meri.",rt : kuch logon ka mtlb dikhta hai na.. bhenchod ye kya krne ki zarorat hai
class4_batch001_sample030142,1,30142,4,Profane,431142,435142,v3_original_demo_boundary_prompt,4-shot random authentic same-class,Shortlisted authentic RUHSOLD Profane examples,40,2 years ago i asked my father for my own car. so he said “hbl car loan se lelo” bc itni khajal khawari keh tang akar i bought used honda civic. and mine is way better than new honda city. or sashky apny,bhenchod aaj sirf roneka mann kar raha hai,rt : bhenchod graph paper pe eraser use karo toh graph paper hi gayab ho jaata hai,rt : birthday wali feel hi nai arahi bhenchod,bc bahut mein ab tak dhoka diya hai
class4_batch001_sample030143,1,30143,4,Profane,431143,435143,v3_original_demo_boundary_prompt,4-shot random authentic same-class,Shortlisted authentic RUHSOLD Profane examples,40,bhenchod parhna hai. par dimaagh ijazat nahi deta. ajeeb chutiyapa hai ye.,my entire neighborhood is making weird sounds bhenchod shaddi hai kya,nazar lag gayi bhenchod fuck this i knew it would never last,fuck man. the pain is traveling. bhenchod ye naya e corridor khul gya hai.,bhenchod apne baare mein dikhao mtlb
class4_batch001_sample030144,1,30144,4,Profane,431144,435144,v3_original_demo_boundary_prompt,4-shot random authentic same-class,Shortlisted authentic RUHSOLD Profane examples,40,rt : kisi ko bhulnay k liye ussay yaad karna parta hai. aur idhr bhenchod yaad hi ati rehti hai bus,"rt : yaar magar wifi bandh na karna, missile vissile daal do koi dikkat nahi, magar internet chahiye bc",fuck man. the pain is traveling. bhenchod ye naya e corridor khul gya hai.,rt : birthday wali feel hi nai arahi bhenchod,bhaunk raha tha phir bhi bolne se pehle kehte hain bhaunk mat karo
class4_batch001_sample030145,1,30145,4,Profane,431145,435145,v3_original_demo_boundary_prompt,4-shot random authentic same-class,Shortlisted authentic RUHSOLD Profane examples,40,mera bhi yaar bhai...jindgi jhand ho gya hai bhenchodv 3 t20 me 300 rupya haar gye....,rona araha hai bhenchod why am i such a clown why am i so unimportant,"rt : koi physics samjha de bhenchod,,,,",pubg lover hath toota howa hai phir b pubg nhai chorni bc😂😂😂,kuch nhi krta hum 😒
class4_batch001_sample030146,1,30146,4,Profane,431146,435146,v3_original_demo_boundary_prompt,4-shot random authentic same-class,Shortlisted authentic RUHSOLD Profane examples,40,bhenchod syllabus kuch aur..aur padhke kuch aur gaya.,bhenchod kahan phass gaya hoon,"rt : koi physics samjha de bhenchod,,,,",mere pas tum ho ny to puray saal ka rula dia bhenchod,teri maa ki choot mein tere jaisey bharwe
class4_batch001_sample030147,1,30147,4,Profane,431147,435147,v3_original_demo_boundary_prompt,4-shot random authentic same-class,Shortlisted authentic RUHSOLD Profane examples,40,2 years ago i asked my father for my own car. so he said “hbl car loan se lelo” bc itni khajal khawari keh tang akar i bought used honda civic. and mine is way better than new honda city. or sashky apny,"rt : koi physics samjha de bhenchod,,,,",kyaaaa musibbaattt ha yr sara mood khraab kr diya ha bc,bc 40 rupees karaya kar diya hai is se acha to banda uber ya cream karwa laye 😏😏😏,bhenchod ghor se nikal k mera jism meri marzi aurat march ki slogan hi sahi tha
class4_batch001_sample030148,1,30148,4,Profane,431148,435148,v3_original_demo_boundary_prompt,4-shot random authentic same-class,Shortlisted authentic RUHSOLD Profane examples,40,bc bb khatm ho gya but i cant move on,bhenchod parhna hai. par dimaagh ijazat nahi deta. ajeeb chutiyapa hai ye.,bhenchod kahan phass gaya hoon,bhenchod bht kutti haaalat huwe we he bhai,rt : bc mera apne twitter pe tweet kr rha tha ab wo dekho
class4_batch001_sample030149,1,30149,4,Profane,431149,435149,v3_original_demo_boundary_prompt,4-shot random authentic same-class,Shortlisted authentic RUHSOLD Profane examples,40,bhenchod kahan phass gaya hoon,mera bhi yaar bhai...jindgi jhand ho gya hai bhenchodv 3 t20 me 300 rupya haar gye....,rt : kisi ko bhulnay k liye ussay yaad karna parta hai. aur idhr bhenchod yaad hi ati rehti hai bus,nazar lag gayi bhenchod fuck this i knew it would never last,ye mjhe dekho charsi
class4_batch001_sample030150,1,30150,4,Profane,431150,435150,v3_original_demo_boundary_prompt,4-shot random authentic same-class,Shortlisted authentic RUHSOLD Profane examples,40,neend aa rhi h bc main sone jaa rhi hu 😂,inn coaching vaalou ko kaise pta chal jaata hai mera result bhenchod.,bhenchod syllabus kuch aur..aur padhke kuch aur gaya.,bauhat sardi hai bc,hahahaha bhenchod ye tereko kya samajh mein nae aata
class4_batch001_sample030151,1,30151,4,Profane,431151,435151,v3_original_demo_boundary_prompt,4-shot random authentic same-class,Shortlisted authentic RUHSOLD Profane examples,40,kyaaaa musibbaattt ha yr sara mood khraab kr diya ha bc,naak bandd ho gya bc.,rt : birthday wali feel hi nai arahi bhenchod,rt : kisi ko bhulnay k liye ussay yaad karna parta hai. aur idhr bhenchod yaad hi ati rehti hai bus,mein chupi lag rahi thi bhenchod 🤫
class4_batch001_sample030152,1,30152,4,Profane,431152,435152,v3_original_demo_boundary_prompt,4-shot random authentic same-class,Shortlisted authentic RUHSOLD Profane examples,40,my entire neighborhood is making weird sounds bhenchod shaddi hai kya,fuck man. the pain is traveling. bhenchod ye naya e corridor khul gya hai.,bauhat sardi hai bc,"rt : koi physics samjha de bhenchod,,,,",kisi ko bhi mcchh lga do bhenchod
class4_batch001_sample030153,1,30153,4,Profane,431153,435153,v3_original_demo_boundary_prompt,4-shot random authentic same-class,Shortlisted authentic RUHSOLD Profane examples,40,main 5'8 ke sath bh chota lgta hn bc😶😑😑😑,ajeeeeb bc 😒😂,dil sumbhal ja zra bhenchod,neend aa rhi h bc main sone jaa rhi hu 😂,apni maa ki tarah gand se akhrot todne wali baatein karega na... 😁
class4_batch001_sample030154,1,30154,4,Profane,431154,435154,v3_original_demo_boundary_prompt,4-shot random authentic same-class,Shortlisted authentic RUHSOLD Profane examples,40,rona araha hai bhenchod why am i such a clown why am i so unimportant,bhenchod mairi thand se phatt rahi hai,bhenchod bht kutti haaalat huwe we he bhai,code bhee saaf karna hai abheeee bc,harami tera baap tu kya bolta haa
class4_batch001_sample030155,1,30155,4,Profane,431155,435155,v3_original_demo_boundary_prompt,4-shot random authentic same-class,Shortlisted authentic RUHSOLD Profane examples,40,i should've a bhenchod counter which will count the amount of times i've sad bhenchod,mere pas tum ho ny to puray saal ka rula dia bhenchod,slept for only 4 hours last night bc match daikhty daikhty girny wala hua wa hun,ajeeeeb bc 😒😂,rt : yaar ye kya hota ha yeh kehna abhi
class4_batch001_sample030156,1,30156,4,Profane,431156,435156,v3_original_demo_boundary_prompt,4-shot random authentic same-class,Shortlisted authentic RUHSOLD Profane examples,40,bhenchod mairi thand se phatt rahi hai,i should've a bhenchod counter which will count the amount of times i've sad bhenchod,bhenchod syllabus kuch aur..aur padhke kuch aur gaya.,mere pas tum ho ny to puray saal ka rula dia bhenchod,bhenchod maine chudwa diya
class4_batch001_sample030157,1,30157,4,Profane,431157,435157,v3_original_demo_boundary_prompt,4-shot random authentic same-class,Shortlisted authentic RUHSOLD Profane examples,40,my entire neighborhood is making weird sounds bhenchod shaddi hai kya,mere pas tum ho ny to puray saal ka rula dia bhenchod,bhenchod parhna hai. par dimaagh ijazat nahi deta. ajeeb chutiyapa hai ye.,kyaaaa musibbaattt ha yr sara mood khraab kr diya ha bc,rt :   teri maa ki choot maroon tu abhi tak pata nai
class4_batch001_sample030158,1,30158,4,Profane,431158,435158,v3_original_demo_boundary_prompt,4-shot random authentic same-class,Shortlisted authentic RUHSOLD Profane examples,40,mera bhi yaar bhai...jindgi jhand ho gya hai bhenchodv 3 t20 me 300 rupya haar gye....,"tm jao ma ni ja rha, pehly he adhi zindagi saffr mein guzr gai bc meri.",nazar lag gayi bhenchod fuck this i knew it would never last,"rt : yaar magar wifi bandh na karna, missile vissile daal do koi dikkat nahi, magar internet chahiye bc",bhai ye tweet nai dekhna bhenchod
class4_batch001_sample030159,1,30159,4,Profane,431159,435159,v3_original_demo_boundary_prompt,4-shot random authentic same-class,Shortlisted authentic RUHSOLD Profane examples,40,kyaaaa musibbaattt ha yr sara mood khraab kr diya ha bc,bc bb khatm ho gya but i cant move on,"rt : koi physics samjha de bhenchod,,,,",bhenchod syllabus kuch aur..aur padhke kuch aur gaya.,bc ye mera hai na😒
class4_batch001_sample030160,1,30160,4,Profane,431160,435160,v3_original_demo_boundary_prompt,4-shot random authentic same-class,Shortlisted authentic RUHSOLD Profane examples,40,inn coaching vaalou ko kaise pta chal jaata hai mera result bhenchod.,slept for only 4 hours last night bc match daikhty daikhty girny wala hua wa hun,naak bandd ho gya bc.,bhenchod what a goal!,ap ny abhi tk rona laga dia tha? ye shayad nawaz sharif ki maa behn ka bacha hoga bc
class4_batch001_sample030161,1,30161,4,Profane,431161,435161,v3_original_demo_boundary_prompt,4-shot random authentic same-class,Shortlisted authentic RUHSOLD Profane examples,40,rt : bhenchod graph paper pe eraser use karo toh graph paper hi gayab ho jaata hai,neend aa rhi h bc main sone jaa rhi hu 😂,bhenchod bht kutti haaalat huwe we he bhai,rt : birthday wali feel hi nai arahi bhenchod,yeh mera dost hai tu kya karega...?
class4_batch001_sample030162,1,30162,4,Profane,431162,435162,v3_original_demo_boundary_prompt,4-shot random authentic same-class,Shortlisted authentic RUHSOLD Profane examples,40,neend aa rhi h bc main sone jaa rhi hu 😂,i hate ors bhenchod,inn coaching vaalou ko kaise pta chal jaata hai mera result bhenchod.,bc 40 rupees karaya kar diya hai is se acha to banda uber ya cream karwa laye 😏😏😏,ye kia hai tumko khud ki baat mein teri maa ka lund kaha hai?
class4_batch001_sample030163,1,30163,4,Profane,431163,435163,v3_original_demo_boundary_prompt,4-shot random authentic same-class,Shortlisted authentic RUHSOLD Profane examples,40,why can’t i multitask???? i’m 22 fucking years old and i still dont know how to multitask bhenchod,rona araha hai bhenchod why am i such a clown why am i so unimportant,bc bb khatm ho gya but i cant move on,inn coaching vaalou ko kaise pta chal jaata hai mera result bhenchod.,rt : mc koi aurat khud se hi kar sakti ha jis ne apne baap ki zindagi ka fasla lena tha
class4_batch001_sample030164,1,30164,4,Profane,431164,435164,v3_original_demo_boundary_prompt,4-shot random authentic same-class,Shortlisted authentic RUHSOLD Profane examples,40,bhenchod mairi thand se phatt rahi hai,bhenchod aaj sirf roneka mann kar raha hai,rt : fariha without fa is riha and  riha kerdo koi bhenchod is zindagi se,"rt : koi physics samjha de bhenchod,,,,",rt : bhenchod mein ne apni maa ka name puchna chahta hu usne mujhe bola hua nahi
class4_batch001_sample030165,1,30165,4,Profane,431165,435165,v3_original_demo_boundary_prompt,4-shot random authentic same-class,Shortlisted authentic RUHSOLD Profane examples,40,rt : birthday wali feel hi nai arahi bhenchod,bhenchod kahan phass gaya hoon,slept for only 4 hours last night bc match daikhty daikhty girny wala hua wa hun,i should've a bhenchod counter which will count the amount of times i've sad bhenchod,pata nahi bhai tum logon ne kabhi soch liya tha na ki pta chl jayega
class4_batch001_sample030166,1,30166,4,Profane,431166,435166,v3_original_demo_boundary_prompt,4-shot random authentic same-class,Shortlisted authentic RUHSOLD Profane examples,40,2 years ago i asked my father for my own car. so he said “hbl car loan se lelo” bc itni khajal khawari keh tang akar i bought used honda civic. and mine is way better than new honda city. or sashky apny,fuck man. the pain is traveling. bhenchod ye naya e corridor khul gya hai.,naak bandd ho gya bc.,mera bhi yaar bhai...jindgi jhand ho gya hai bhenchodv 3 t20 me 300 rupya haar gye....,bc ek dum saara din tu pata chala tha maine
class4_batch001_sample030167,1,30167,4,Profane,431167,435167,v3_original_demo_boundary_prompt,4-shot random authentic same-class,Shortlisted authentic RUHSOLD Profane examples,40,"tm jao ma ni ja rha, pehly he adhi zindagi saffr mein guzr gai bc meri.",bhenchod parhna hai. par dimaagh ijazat nahi deta. ajeeb chutiyapa hai ye.,mere pas tum ho ny to puray saal ka rula dia bhenchod,rt : fariha without fa is riha and  riha kerdo koi bhenchod is zindagi se,maine mohabbat kiya tha na..😒
class4_batch001_sample030168,1,30168,4,Profane,431168,435168,v3_original_demo_boundary_prompt,4-shot random authentic same-class,Shortlisted authentic RUHSOLD Profane examples,40,bauhat sardi hai bc,bhenchod kya hai ye sb,dil sumbhal ja zra bhenchod,rt : fariha without fa is riha and  riha kerdo koi bhenchod is zindagi se,bhen chod saali hai yeh
class4_batch001_sample030169,1,30169,4,Profane,431169,435169,v3_original_demo_boundary_prompt,4-shot random authentic same-class,Shortlisted authentic RUHSOLD Profane examples,40,why can’t i multitask???? i’m 22 fucking years old and i still dont know how to multitask bhenchod,inn coaching vaalou ko kaise pta chal jaata hai mera result bhenchod.,slept for only 4 hours last night bc match daikhty daikhty girny wala hua wa hun,bhenchod exams uff,tumhari maa ka yaar phir bhi nahi hai
class4_batch001_sample030170,1,30170,4,Profane,431170,435170,v3_original_demo_boundary_prompt,4-shot random authentic same-class,Shortlisted authentic RUHSOLD Profane examples,40,mere pas tum ho ny to puray saal ka rula dia bhenchod,rona araha hai bhenchod why am i such a clown why am i so unimportant,rt : bhenchod graph paper pe eraser use karo toh graph paper hi gayab ho jaata hai,inn coaching vaalou ko kaise pta chal jaata hai mera result bhenchod.,maine nahi dekha na
class4_batch001_sample030171,1,30171,4,Profane,431171,435171,v3_original_demo_boundary_prompt,4-shot random authentic same-class,Shortlisted authentic RUHSOLD Profane examples,40,ajeeeeb bc 😒😂,bhenchod syllabus kuch aur..aur padhke kuch aur gaya.,"tm jao ma ni ja rha, pehly he adhi zindagi saffr mein guzr gai bc meri.",naak bandd ho gya bc.,bc abhee shadi nahi hogi kya??
class4_batch001_sample030172,1,30172,4,Profane,431172,435172,v3_original_demo_boundary_prompt,4-shot random authentic same-class,Shortlisted authentic RUHSOLD Profane examples,40,bhenchod kahan phass gaya hoon,kyaaaa musibbaattt ha yr sara mood khraab kr diya ha bc,"rt : koi physics samjha de bhenchod,,,,",neend aa rhi h bc main sone jaa rhi hu 😂,kutte ki nasal hai
class4_batch001_sample030173,1,30173,4,Profane,431173,435173,v3_original_demo_boundary_prompt,4-shot random authentic same-class,Shortlisted authentic RUHSOLD Profane examples,40,2 years ago i asked my father for my own car. so he said “hbl car loan se lelo” bc itni khajal khawari keh tang akar i bought used honda civic. and mine is way better than new honda city. or sashky apny,code bhee saaf karna hai abheeee bc,bhenchod bht kutti haaalat huwe we he bhai,pubg lover hath toota howa hai phir b pubg nhai chorni bc😂😂😂,galtiya logon ko tareeqay milty hain jinko na koi shak nahi ki unki tareeqay milyen.
class4_batch001_sample030174,1,30174,4,Profane,431174,435174,v3_original_demo_boundary_prompt,4-shot random authentic same-class,Shortlisted authentic RUHSOLD Profane examples,40,"rt : yaar magar wifi bandh na karna, missile vissile daal do koi dikkat nahi, magar internet chahiye bc",bhenchod aaj sirf roneka mann kar raha hai,dil sumbhal ja zra bhenchod,rt : birthday wali feel hi nai arahi bhenchod,bhenchod yr jisko mjhy pyari lgty ho un ko kya pata ab apki pyariat sy farq krna hy
class4_batch001_sample030175,1,30175,4,Profane,431175,435175,v3_original_demo_boundary_prompt,4-shot random authentic same-class,Shortlisted authentic RUHSOLD Profane examples,40,fuck man. the pain is traveling. bhenchod ye naya e corridor khul gya hai.,bhenchod syllabus kuch aur..aur padhke kuch aur gaya.,bhenchod kahan phass gaya hoon,bauhat sardi hai bc,"rt : ""i'm so fucking happy"" - 0 reactions   ""i wish i was never born"" - 569 likes"
class4_batch001_sample030176,1,30176,4,Profane,431176,435176,v3_original_demo_boundary_prompt,4-shot random authentic same-class,Shortlisted authentic RUHSOLD Profane examples,40,code bhee saaf karna hai abheeee bc,rt : birthday wali feel hi nai arahi bhenchod,bhenchod mairi thand se phatt rahi hai,mere pas tum ho ny to puray saal ka rula dia bhenchod,nahin bhai saab bachpan mein duniya ke liye maa baap ne laga diya tha ye
class4_batch001_sample030177,1,30177,4,Profane,431177,435177,v3_original_demo_boundary_prompt,4-shot random authentic same-class,Shortlisted authentic RUHSOLD Profane examples,40,main 5'8 ke sath bh chota lgta hn bc😶😑😑😑,bhenchod kahan phass gaya hoon,rt : bhenchod graph paper pe eraser use karo toh graph paper hi gayab ho jaata hai,bhenchod bht kutti haaalat huwe we he bhai,bhenchod ab to mjy aisa lag raha ha ke papa ka dard hi nahi ha...
class4_batch001_sample030178,1,30178,4,Profane,431178,435178,v3_original_demo_boundary_prompt,4-shot random authentic same-class,Shortlisted authentic RUHSOLD Profane examples,40,dil sumbhal ja zra bhenchod,"tm jao ma ni ja rha, pehly he adhi zindagi saffr mein guzr gai bc meri.",bhenchod aaj sirf roneka mann kar raha hai,slept for only 4 hours last night bc match daikhty daikhty girny wala hua wa hun,bhenchod ab tera baap nahi tha na
class4_batch001_sample030179,1,30179,4,Profane,431179,435179,v3_original_demo_boundary_prompt,4-shot random authentic same-class,Shortlisted authentic RUHSOLD Profane examples,40,dil sumbhal ja zra bhenchod,slept for only 4 hours last night bc match daikhty daikhty girny wala hua wa hun,"rt : yaar magar wifi bandh na karna, missile vissile daal do koi dikkat nahi, magar internet chahiye bc",naak bandd ho gya bc.,apni maa ki tarha phir bhi tujhe pta nhi..😂
class4_batch001_sample030180,1,30180,4,Profane,431180,435180,v3_original_demo_boundary_prompt,4-shot random authentic same-class,Shortlisted authentic RUHSOLD Profane examples,40,rt : birthday wali feel hi nai arahi bhenchod,naak bandd ho gya bc.,rt : asa kon ludo khelta hi bc ....😇,neend aa rhi h bc main sone jaa rhi hu 😂,bhai tum ny dekha nahi tha ki ye baat kehte hain.
class4_batch001_sample030181,1,30181,4,Profane,431181,435181,v3_original_demo_boundary_prompt,4-shot random authentic same-class,Shortlisted authentic RUHSOLD Profane examples,40,bhenchod what a goal!,neend aa rhi h bc main sone jaa rhi hu 😂,rona araha hai bhenchod why am i such a clown why am i so unimportant,i hate ors bhenchod,bhai tum logon ko pata chal gya tha k hum se kuch nahi krtey..😂
class4_batch001_sample030182,1,30182,4,Profane,431182,435182,v3_original_demo_boundary_prompt,4-shot random authentic same-class,Shortlisted authentic RUHSOLD Profane examples,40,bc 40 rupees karaya kar diya hai is se acha to banda uber ya cream karwa laye 😏😏😏,inn coaching vaalou ko kaise pta chal jaata hai mera result bhenchod.,bhenchod exams uff,bhenchod aaj sirf roneka mann kar raha hai,bhai bhenchod jb mera hmaraa dost nhi bolo toh aisa nahi hota
class4_batch001_sample030183,1,30183,4,Profane,431183,435183,v3_original_demo_boundary_prompt,4-shot random authentic same-class,Shortlisted authentic RUHSOLD Profane examples,40,ajeeeeb bc 😒😂,bhenchod aaj sirf roneka mann kar raha hai,neend aa rhi h bc main sone jaa rhi hu 😂,bc bb khatm ho gya but i cant move on,rt : ye logon ka pta nhi khud ke liye sochne ki zarurat nahi
class4_batch001_sample030184,1,30184,4,Profane,431184,435184,v3_original_demo_boundary_prompt,4-shot random authentic same-class,Shortlisted authentic RUHSOLD Profane examples,40,my entire neighborhood is making weird sounds bhenchod shaddi hai kya,neend aa rhi h bc main sone jaa rhi hu 😂,main 5'8 ke sath bh chota lgta hn bc😶😑😑😑,bhenchod what a goal!,bhenchod beth k leay kia kiya hota h
class4_batch001_sample030185,1,30185,4,Profane,431185,435185,v3_original_demo_boundary_prompt,4-shot random authentic same-class,Shortlisted authentic RUHSOLD Profane examples,40,nazar lag gayi bhenchod fuck this i knew it would never last,bhenchod kya hai ye sb,"rt : koi physics samjha de bhenchod,,,,",slept for only 4 hours last night bc match daikhty daikhty girny wala hua wa hun,ye charsi mein nae koi gul khilaya...😒
class4_batch001_sample030186,1,30186,4,Profane,431186,435186,v3_original_demo_boundary_prompt,4-shot random authentic same-class,Shortlisted authentic RUHSOLD Profane examples,40,bhenchod aaj sirf roneka mann kar raha hai,bhenchod kya hai ye sb,bhenchod parhna hai. par dimaagh ijazat nahi deta. ajeeb chutiyapa hai ye.,naak bandd ho gya bc.,bhenchod kya hai yaar
class4_batch001_sample030187,1,30187,4,Profane,431187,435187,v3_original_demo_boundary_prompt,4-shot random authentic same-class,Shortlisted authentic RUHSOLD Profane examples,40,"rt : koi physics samjha de bhenchod,,,,",nazar lag gayi bhenchod fuck this i knew it would never last,main 5'8 ke sath bh chota lgta hn bc😶😑😑😑,code bhee saaf karna hai abheeee bc,abey kuch bhi raha nahi
class4_batch001_sample030188,1,30188,4,Profane,431188,435188,v3_original_demo_boundary_prompt,4-shot random authentic same-class,Shortlisted authentic RUHSOLD Profane examples,40,bhenchod mairi thand se phatt rahi hai,fuck man. the pain is traveling. bhenchod ye naya e corridor khul gya hai.,bauhat sardi hai bc,dil sumbhal ja zra bhenchod,bhen chod pata nahi
class4_batch001_sample030189,1,30189,4,Profane,431189,435189,v3_original_demo_boundary_prompt,4-shot random authentic same-class,Shortlisted authentic RUHSOLD Profane examples,40,why can’t i multitask???? i’m 22 fucking years old and i still dont know how to multitask bhenchod,2 years ago i asked my father for my own car. so he said “hbl car loan se lelo” bc itni khajal khawari keh tang akar i bought used honda civic. and mine is way better than new honda city. or sashky apny,"tm jao ma ni ja rha, pehly he adhi zindagi saffr mein guzr gai bc meri.",slept for only 4 hours last night bc match daikhty daikhty girny wala hua wa hun,rt : hm logon ne hi bataya kya hoga bc
class4_batch001_sample030190,1,30190,4,Profane,431190,435190,v3_original_demo_boundary_prompt,4-shot random authentic same-class,Shortlisted authentic RUHSOLD Profane examples,40,kyaaaa musibbaattt ha yr sara mood khraab kr diya ha bc,mere pas tum ho ny to puray saal ka rula dia bhenchod,bhenchod bht kutti haaalat huwe we he bhai,bc bb khatm ho gya but i cant move on,bahanchod 😒😂
class4_batch001_sample030191,1,30191,4,Profane,431191,435191,v3_original_demo_boundary_prompt,4-shot random authentic same-class,Shortlisted authentic RUHSOLD Profane examples,40,mere pas tum ho ny to puray saal ka rula dia bhenchod,pubg lover hath toota howa hai phir b pubg nhai chorni bc😂😂😂,bc bb khatm ho gya but i cant move on,naak bandd ho gya bc.,jab tak apko pta nahi hota ki yeh duniya mein kis kismat ke logon ko kya hoga tab tak ye hi zindagi rehne do bc
class4_batch001_sample030192,1,30192,4,Profane,431192,435192,v3_original_demo_boundary_prompt,4-shot random authentic same-class,Shortlisted authentic RUHSOLD Profane examples,40,rt : asa kon ludo khelta hi bc ....😇,rt : kisi ko bhulnay k liye ussay yaad karna parta hai. aur idhr bhenchod yaad hi ati rehti hai bus,rona araha hai bhenchod why am i such a clown why am i so unimportant,bauhat sardi hai bc,bc apny baap ka najaiz zindgi kar rahe ho
class4_batch001_sample030193,1,30193,4,Profane,431193,435193,v3_original_demo_boundary_prompt,4-shot random authentic same-class,Shortlisted authentic RUHSOLD Profane examples,40,bhenchod mairi thand se phatt rahi hai,bhenchod what a goal!,"tm jao ma ni ja rha, pehly he adhi zindagi saffr mein guzr gai bc meri.",bhenchod syllabus kuch aur..aur padhke kuch aur gaya.,abay bhenchod kya chutiya hu
class4_batch001_sample030194,1,30194,4,Profane,431194,435194,v3_original_demo_boundary_prompt,4-shot random authentic same-class,Shortlisted authentic RUHSOLD Profane examples,40,rt : kisi ko bhulnay k liye ussay yaad karna parta hai. aur idhr bhenchod yaad hi ati rehti hai bus,rt : birthday wali feel hi nai arahi bhenchod,bhenchod mairi thand se phatt rahi hai,2 years ago i asked my father for my own car. so he said “hbl car loan se lelo” bc itni khajal khawari keh tang akar i bought used honda civic. and mine is way better than new honda city. or sashky apny,ye bhi galti nahi hai bhenchod
class4_batch001_sample030195,1,30195,4,Profane,431195,435195,v3_original_demo_boundary_prompt,4-shot random authentic same-class,Shortlisted authentic RUHSOLD Profane examples,40,bhenchod aaj sirf roneka mann kar raha hai,why can’t i multitask???? i’m 22 fucking years old and i still dont know how to multitask bhenchod,ajeeeeb bc 😒😂,naak bandd ho gya bc.,rt : ye sab kisi kutte ki maa ka beta hain bc
class4_batch001_sample030196,1,30196,4,Profane,431196,435196,v3_original_demo_boundary_prompt,4-shot random authentic same-class,Shortlisted authentic RUHSOLD Profane examples,40,inn coaching vaalou ko kaise pta chal jaata hai mera result bhenchod.,i hate ors bhenchod,bhenchod aaj sirf roneka mann kar raha hai,"rt : koi physics samjha de bhenchod,,,,",oye bhenchod ye to bhool jao..
class4_batch001_sample030197,1,30197,4,Profane,431197,435197,v3_original_demo_boundary_prompt,4-shot random authentic same-class,Shortlisted authentic RUHSOLD Profane examples,40,bc bb khatm ho gya but i cant move on,rt : asa kon ludo khelta hi bc ....😇,fuck man. the pain is traveling. bhenchod ye naya e corridor khul gya hai.,rt : birthday wali feel hi nai arahi bhenchod,abe bhenchod
class4_batch001_sample030198,1,30198,4,Profane,431198,435198,v3_original_demo_boundary_prompt,4-shot random authentic same-class,Shortlisted authentic RUHSOLD Profane examples,40,fuck man. the pain is traveling. bhenchod ye naya e corridor khul gya hai.,bhenchod mairi thand se phatt rahi hai,bhenchod kya hai ye sb,bhenchod bht kutti haaalat huwe we he bhai,bhenchod mein bhi aise hi laga raha tha
class4_batch001_sample030199,1,30199,4,Profane,431199,435199,v3_original_demo_boundary_prompt,4-shot random authentic same-class,Shortlisted authentic RUHSOLD Profane examples,40,mere pas tum ho ny to puray saal ka rula dia bhenchod,rt : bhenchod graph paper pe eraser use karo toh graph paper hi gayab ho jaata hai,pubg lover hath toota howa hai phir b pubg nhai chorni bc😂😂😂,bhenchod what a goal!,rt : bhenchod mera pyaar jis ne mera dil sutta ki thi wo meri wajah se mar gaya
