sample_index,class_id,target_label,generated_text,generation_seed,demonstration_seed,prompt_version,prompting_strategy,demonstration_source,demonstrations,temperature,top_p,repetition_penalty,max_new_tokens
0,2,Religious Hate,tery baap ne tu gaddar hi banaya tha...tum sab muslim hn or bhag jao,201000,205000,v3_original_demo_boundary_prompt,4-shot random authentic same-class,Shortlisted authentic RUHSOLD Religious Hate examples,"[""bilkul,itny lecture milny hain jese christmas or new year pe milty hain ,kya apko pata bhi hai k kaafir janwaro k haqq main dua bhi nahi krni chahye"", ""m firqa wariyat m nahi parhna chahta, muslims mjo ahktlaf hen wo apni jaga , lekin pichly 200 saal sy muslim is liye mar kha rhy hen k sunni shia wahabi dayobandi bla bla ,,yahodi or nasara ny na koi sunni mulk chora ha na koi shia,  wo bs yehi dekhtay ye muslman ha ..bs maro isk"", ""kisi randi maa ki olad ap ki hindu aurtain jab pooja karti hn tab wo bagwan ka lund mounh me b leti hn?"", ""tum log yahoodi ho kisi ko shuck nahi hona chaheye bus kafi hogae musalmanon ko aur dhoka na dou👹""]",0.7,0.9,1.15,60
1,2,Religious Hate,teri maa ki phudi mein lanti tere jaise muslamanon ke nikal,201001,205001,v3_original_demo_boundary_prompt,4-shot random authentic same-class,Shortlisted authentic RUHSOLD Religious Hate examples,"[""yahoodi ko hitler ne chora or general ne in jaajoon ko chor k dhkya k ye kai hain.😂"", ""qadiyani pe lanat mirza khinzeer harami pe lanat."", ""abe halala ki paidaish..  tumhara to wajood hi 800 years purana hai..  jab bhagwan ram ko kagaj dikhane ki jarurat par gayi to tum kaun ho.. kagaj to dikhana hi parega.. #nrc_caa_npr"", ""m firqa wariyat m nahi parhna chahta, muslims mjo ahktlaf hen wo apni jaga , lekin pichly 200 saal sy muslim is liye mar kha rhy hen k sunni shia wahabi dayobandi bla bla ,,yahodi or nasara ny na koi sunni mulk chora ha na koi shia,  wo bs yehi dekhtay ye muslman ha ..bs maro isk""]",0.7,0.9,1.15,60
2,2,Religious Hate,yar baat mat karte tu apny baap ka baap sy larkiyon ko bachana chahtay ho???,201002,205002,v3_original_demo_boundary_prompt,4-shot random authentic same-class,Shortlisted authentic RUHSOLD Religious Hate examples,"[""iran shia mulk ha or ye munafik log han"", ""malala the product of halala pehle burke se, halala se, bacche paida kerne se or gulami ki jindgi se to azadi lelo hindustaan se azadi to tumhare kukarm tumhe dilwa hi denge. kyuki terrorism failaoge to lat mar ke desh se bhagae jaoge. i am with my country and support caa, nrcðÿ˜‰."", ""phir kehty hum bhot badry #muslim hn aur #ashaq_e_rasool sawm hain lanat hai un sab #haramio py jinho ny bibi fatima zahra ko shahheed kia aur #haq khaya 🖐🏻😡🐕 aur lanat un sab py jo un #haramio ky hamdard hain"", ""please don't share his obnoxious face to me. below is the image of the book rohani khzain from ahmedi's official website see what your evil messiah has declared god but you had said you have read the books of mirza and accepted him mehdi may god give you hidyath""]",0.7,0.9,1.15,60
3,2,Religious Hate,mulle bharwe yahan wahan aati hai ye duniya hamara hi mulk hai,201003,205003,v3_original_demo_boundary_prompt,4-shot random authentic same-class,Shortlisted authentic RUHSOLD Religious Hate examples,"[""obviously we muslims hate ahmedi's . 😡 we don't care whatever happens to them ! we just hate them. if their is oppression over other minorities in pakistan which is not usual alhamdolillah, then i condemn that."", ""madarchod muslaman ki kaum madarchod saalo ka imaan nahi hai bheno ko chod te hai bhen ke lode harmazaade uskiye apni  maa ki chut bhi chodta hoga aur chuswata hoga logo se saare musalamaan raand ki olad islam ki maa ki chut"", ""path of cruelty , path of violence, path of halala , path of tripe talaq, path of marrying 6 years old aisha,path to discipline their wives by beating them,path of hurun,path of apostasy,path of punishable apostasy, path of beheading. what a pissful religion izlam is ðÿ‘"", ""abe jaana mullle sale bhikari !! halala k maje krwa apni maa ko""]",0.7,0.9,1.15,60
4,2,Religious Hate,"abey, behan tu samaj kro, mera jaan hai",201004,205004,v3_original_demo_boundary_prompt,4-shot random authentic same-class,Shortlisted authentic RUHSOLD Religious Hate examples,"[""sali muslims randi. jihadi sali"", ""afghanio ne tme hindu se bachaya,randi k aulaad tareekh paro tm wo ganda khoon ho,jo siko aour hindu ki rape se paida woe ho,tme kalima tho sikaya afghano ne,magar tmari gandi dna wai ranjeet sing wali a,randi k aulaad tm ne kah pana di,am pashtono ne di,apnay bio ko hera mandi"", ""rt : q. woh kaun si qome he,jis ne such bhi bola phr bhi jahnum mein jayegi? ans: yahoodi or nasara qome. shahid sindh"", ""in beghairto israel yahodi khanzeer kai bacho nai kia kuch nahen kia hain lekhin alhamdulillah islam wahid deen jo mohabbat sikhati hain nakai nafrat aur ye sab sai tezi sai phelta huwa deen hain is liye inko jalan ho rahi hain aur har koshish kar bhe chukai hain aur kar bhe""]",0.7,0.9,1.15,60
5,2,Religious Hate,apni maa ko goli marne wala teri maa chod gayee thi saalee,201005,205005,v3_original_demo_boundary_prompt,4-shot random authentic same-class,Shortlisted authentic RUHSOLD Religious Hate examples,"[""tum log yahoodi ho kisi ko shuck nahi hona chaheye bus kafi hogae musalmanon ko aur dhoka na dou👹"", ""ye manhoos hinduon ki diwali k chakkar mai har jaga ki aur quality kharab hogai, bharwe"", ""wehshi darandy easai yahodi hindo islam amanka ka mazhab"", ""that's for foolish act and the ahmedi you highlighted they were equal to jews for us so alhmdurallah we save quran ! . and about hindus and christians its was a false news !  and if it is real then show me !  if you don't have anything then shut up and run !""]",0.7,0.9,1.15,60
6,2,Religious Hate,ye logon ne baz e mohtaj ki zarurat hi nahi kaha thi usko phly tumhee yahan se pta chala ga,201006,205006,v3_original_demo_boundary_prompt,4-shot random authentic same-class,Shortlisted authentic RUHSOLD Religious Hate examples,"[""sali muslims randi. jihadi sali"", ""ye insan ik chaaal haaa dostoo .........zra smj k chliye gaa...sb jaanty hn qadyaani kaafir hn ......ye sb k sentiments gain kr rhaa haa......bad me ye apna chehra dikhiye gaaa fasad kii shkal me.....in chaaalo sy hosyar rhy baseerat paida kry sb apny andr.. shukria..."", ""hey are fighting amongst each other. #bajwa is compromise candidate. thats only reason why he a ahmadiya is a coas."", ""that nigga was yahoodi he probably lied to all the employees""]",0.7,0.9,1.15,60
7,2,Religious Hate,tere baap ke pass pakistan ki dushman hain yahodi,201007,205007,v3_original_demo_boundary_prompt,4-shot random authentic same-class,Shortlisted authentic RUHSOLD Religious Hate examples,"[""is cult  mein kisi boht hi pyare ko kho dene k baad uski qaber pe phool rakhna b jurm hai west mein qaberisat se phool chura k un ko sale kr k ahmdi chanda dia karte hain takey ragister se naam na kut jaye"", ""oeyy randdii k bachay ganddu hindu.. kyun jhoott baq raha hai gashti maa k ganndduu bachay. peshaab p k palnay wali qoum."", ""get lost you kaafir."", ""wow halala's product on fire as usual porkistaniðÿ˜‚ðÿ˜‚ðÿ˜‚""]",0.7,0.9,1.15,60
8,2,Religious Hate,aurat march se harami halala ki pedawar,201008,205008,v3_original_demo_boundary_prompt,4-shot random authentic same-class,Shortlisted authentic RUHSOLD Religious Hate examples,"[""wehshi darandy easai yahodi hindo islam amanka ka mazhab"", ""please don't share his obnoxious face to me. below is the image of the book rohani khzain from ahmedi's official website see what your evil messiah has declared god but you had said you have read the books of mirza and accepted him mehdi may god give you hidyath"", ""lanat abbtknews k khilaf trend bnane walye yazeedion pe r bibi k dushmano p bhi"", ""kaafir tujhe kuch nai malum""]",0.7,0.9,1.15,60
9,2,Religious Hate,jb tu hmari soch sy mohsin na ho ga tab to esa hi karwa dunga koi,201009,205009,v3_original_demo_boundary_prompt,4-shot random authentic same-class,Shortlisted authentic RUHSOLD Religious Hate examples,"[""kabi bi nai jo sakta ya shia log pora ka pora yahodi hn"", ""quaid azam was right ky hindu muslim kabhi sth nhi rhy sgty aaj hindu apni hasli shakl dekha rhy hn. agar kisi muslim ny aisa kia hota to india media ki maa mar gi hoti pr ab nhi boly gy. aagy ka ky yehi bol dn gy ky mentally disturb tha or case khtm .#jamia"", ""plz sir hamy in say koi khtra nahi hamy is imran khan yahodi our kadiyanion say bachny pay gor karen pak army tayri azmat ko salam"", ""yahodi agent qadyani chamcha""]",0.7,0.9,1.15,60
10,2,Religious Hate,kuch bhi matlab tu kisi ka charsi hi nikla hay,201010,205010,v3_original_demo_boundary_prompt,4-shot random authentic same-class,Shortlisted authentic RUHSOLD Religious Hate examples,"[""meri tarbiyat yehi hai k jo amreca ko apna baap manta hai na wo muslman hai or na us s koi hanra taloq hai tum nasl e yazeedi ho masl e yahodi or yahoodio ki olad ho"", ""jaa bhen k lory tum harrami ki nasal ho.. dewband maslak pe kutty ki tareh bhoonkty ho.."", ""ho gaye hy aur han aj jo ye sekhon k liye kar raha hy ye whoi sekh hy jub pakistan azad howa tha aur muslmano ne jub india sa hijrat ki tub sub zada qatal muslim ko in sekhon ne kiya tha par afsos ap jesy log is yahodi e agent ko ek islami leader mante ho phir kasm khao k allah"", ""huh wut you say u imbecile, i shat on you...toh toh toh kaafir""]",0.7,0.9,1.15,60
11,2,Religious Hate,wo kya bolta hai?  😂,201011,205011,v3_original_demo_boundary_prompt,4-shot random authentic same-class,Shortlisted authentic RUHSOLD Religious Hate examples,"[""yahodi agent qadyani chamcha"", ""kaafir tujhe kuch nai malum"", ""haha jaat dikha di bsdk antankbadi halala ki aulaad teri ammi ka halala hua tha phir to randi ke bacheðÿ¤£ðÿ¤£ðÿ˜…"", ""ahmedi mirziee qadiyani hargiz kuleedi uhdu pe nhee janay chahien warna hmari agencies pe swalia nishan hey""]",0.7,0.9,1.15,60
12,2,Religious Hate,tu lund peetha hai nikal dunga,201012,205012,v3_original_demo_boundary_prompt,4-shot random authentic same-class,Shortlisted authentic RUHSOLD Religious Hate examples,"[""tumhri maa kk chodu sale apni maa ko chod ke paida hone wale randi ki aulad sale apni behan ko biwi bana ke rkhne wale muhammad ki nazayaj aulad"", ""wow halala's product on fire as usual porkistaniðÿ˜‚ðÿ˜‚ðÿ˜‚"", ""m firqa wariyat m nahi parhna chahta, muslims mjo ahktlaf hen wo apni jaga , lekin pichly 200 saal sy muslim is liye mar kha rhy hen k sunni shia wahabi dayobandi bla bla ,,yahodi or nasara ny na koi sunni mulk chora ha na koi shia,  wo bs yehi dekhtay ye muslman ha ..bs maro isk"", ""huh wut you say u imbecile, i shat on you...toh toh toh kaafir""]",0.7,0.9,1.15,60
13,2,Religious Hate,tum logon ki maa ko goli maar do,201013,205013,v3_original_demo_boundary_prompt,4-shot random authentic same-class,Shortlisted authentic RUHSOLD Religious Hate examples,"[""ahmedi mirziee qadiyani hargiz kuleedi uhdu pe nhee janay chahien warna hmari agencies pe swalia nishan hey"", ""path of cruelty , path of violence, path of halala , path of tripe talaq, path of marrying 6 years old aisha,path to discipline their wives by beating them,path of hurun,path of apostasy,path of punishable apostasy, path of beheading. what a pissful religion izlam is ðÿ‘"", ""m firqa wariyat m nahi parhna chahta, muslims mjo ahktlaf hen wo apni jaga , lekin pichly 200 saal sy muslim is liye mar kha rhy hen k sunni shia wahabi dayobandi bla bla ,,yahodi or nasara ny na koi sunni mulk chora ha na koi shia,  wo bs yehi dekhtay ye muslman ha ..bs maro isk"", ""in beghairto israel yahodi khanzeer kai bacho nai kia kuch nahen kia hain lekhin alhamdulillah islam wahid deen jo mohabbat sikhati hain nakai nafrat aur ye sab sai tezi sai phelta huwa deen hain is liye inko jalan ho rahi hain aur har koshish kar bhe chukai hain aur kar bhe""]",0.7,0.9,1.15,60
14,2,Religious Hate,woh bacha mulla hai jo hamari madina ki goliyan ka sath dikh raha hai,201014,205014,v3_original_demo_boundary_prompt,4-shot random authentic same-class,Shortlisted authentic RUHSOLD Religious Hate examples,"[""jisko bhi hindu ki chudai par shak hai to ek baar mujh se chudwa kar dekho sab bhram dur ho jayega"", ""poocho hamarai imam sai kai quran mein kaha likha huwa hain aisai ye sirf yahodi khanzeer logo ki chaal hainmuslims ko badnaam karkai liye  zara socho na tumharai hinduism ko badnaam kyun nahen kartai islam kai peechai kyun parai huwai hain zara dimagh ko khol kai socho"", ""phir kehty hum bhot badry #muslim hn aur #ashaq_e_rasool sawm hain lanat hai un sab #haramio py jinho ny bibi fatima zahra ko shahheed kia aur #haq khaya 🖐🏻😡🐕 aur lanat un sab py jo un #haramio ky hamdard hain"", ""uff pakiza muslim randi 😉😍""]",0.7,0.9,1.15,60
15,2,Religious Hate,#mahirakapashteen is a london based anti-ahmadiya and qadyani agent who is spreading lies about imran khan on social media,201015,205015,v3_original_demo_boundary_prompt,4-shot random authentic same-class,Shortlisted authentic RUHSOLD Religious Hate examples,"[""quaid azam was right ky hindu muslim kabhi sth nhi rhy sgty aaj hindu apni hasli shakl dekha rhy hn. agar kisi muslim ny aisa kia hota to india media ki maa mar gi hoti pr ab nhi boly gy. aagy ka ky yehi bol dn gy ky mentally disturb tha or case khtm .#jamia"", ""in beghairto israel yahodi khanzeer kai bacho nai kia kuch nahen kia hain lekhin alhamdulillah islam wahid deen jo mohabbat sikhati hain nakai nafrat aur ye sab sai tezi sai phelta huwa deen hain is liye inko jalan ho rahi hain aur har koshish kar bhe chukai hain aur kar bhe"", ""but we have a firm belief now that qadiyani and ahmedi neither want muslims nor pakistanis to live in a harmony"", ""chutiya azam ny kia kia ha ab tk sawa saal mein sirf 11600 arab ka izfa qarzoun mein kia or kuch nhi badlo apni soch ko yahodi na bano or ek muslim ki tarh socho""]",0.7,0.9,1.15,60
16,2,Religious Hate,apne gand mein kuch nhi dekhte  yahan se nahi bolta,201016,205016,v3_original_demo_boundary_prompt,4-shot random authentic same-class,Shortlisted authentic RUHSOLD Religious Hate examples,"[""benchod randi  islam"", ""how did an ahmadiya get to the top in the army of sunnis, in the first place?"", ""pislam me media ka estemal kerna haram hai  halala ki paidais"", ""hindu dharm ka matlab samajh pehle puppet khali bhaunk aur bhaunk iam enjoying ur bark 😂😂😂😂""]",0.7,0.9,1.15,60
17,2,Religious Hate,bajwa ki bat kr rha thi ye gandhi ka shoq bnaya,201017,205017,v3_original_demo_boundary_prompt,4-shot random authentic same-class,Shortlisted authentic RUHSOLD Religious Hate examples,"[""but we have a firm belief now that qadiyani and ahmedi neither want muslims nor pakistanis to live in a harmony"", ""just the ten thousandth \""isolated\"" instance of christian /jewish/hindu/ahmedi places of worship being attacked by crybabies who themselves can't handle some nutcase burning a book full of fiction stories."", ""ahmedi mirziee qadiyani hargiz kuleedi uhdu pe nhee janay chahien warna hmari agencies pe swalia nishan hey"", ""yahodi agent qadyani chamcha""]",0.7,0.9,1.15,60
18,2,Religious Hate,lanati yahodi kuttay,201018,205018,v3_original_demo_boundary_prompt,4-shot random authentic same-class,Shortlisted authentic RUHSOLD Religious Hate examples,"[""yahoodi ko hitler ne chora or general ne in jaajoon ko chor k dhkya k ye kai hain.😂"", ""path of cruelty , path of violence, path of halala , path of tripe talaq, path of marrying 6 years old aisha,path to discipline their wives by beating them,path of hurun,path of apostasy,path of punishable apostasy, path of beheading. what a pissful religion izlam is ðÿ‘"", ""qadiyani pe lanat mirza khinzeer harami pe lanat."", ""jahil k bachy kahan likha h k gair mazhb sy nikaah jaiz ha... tmari gand me jo keera ha wo nhi merna... khoty khany waly... yahoodi kahan sy hogaey ahle kitaab ....tm.b yahoodi to nhi""]",0.7,0.9,1.15,60
19,2,Religious Hate,kya dekh lo ye bhai hain?,201019,205019,v3_original_demo_boundary_prompt,4-shot random authentic same-class,Shortlisted authentic RUHSOLD Religious Hate examples,"[""iran shia mulk ha or ye munafik log han"", ""chal fosdi ke mohammad kabile wale ki halala ki aulad"", ""plz sir hamy in say koi khtra nahi hamy is imran khan yahodi our kadiyanion say bachny pay gor karen pak army tayri azmat ko salam"", ""tw kaafir tera peo kaafir tera pura khandaan kaafir ooo churry trump🐱🐱""]",0.7,0.9,1.15,60
20,2,Religious Hate,rt : ye randi rona dekh k bohat taluq hota hai na,201020,205020,v3_original_demo_boundary_prompt,4-shot random authentic same-class,Shortlisted authentic RUHSOLD Religious Hate examples,"[""aor hamary hkmran in k sath mily huy en ....yahudi aor hindun hmary sb sy bry dushman en"", ""abe bharwe tum hindu hi duniya k sub se bara atankwaz ho haramiyon bt krte ho hamare age tumhari country me hindu k elawa koi safe nhi he  tumhari country ka name isi liye  lynchistan he  isi king all the world"", ""madarchod muslaman ki kaum madarchod saalo ka imaan nahi hai bheno ko chod te hai bhen ke lode harmazaade uskiye apni  maa ki chut bhi chodta hoga aur chuswata hoga logo se saare musalamaan raand ki olad islam ki maa ki chut"", ""obviously we muslims hate ahmedi's . 😡 we don't care whatever happens to them ! we just hate them. if their is oppression over other minorities in pakistan which is not usual alhamdolillah, then i condemn that.""]",0.7,0.9,1.15,60
21,2,Religious Hate,yeh tera baap tha shukla,201021,205021,v3_original_demo_boundary_prompt,4-shot random authentic same-class,Shortlisted authentic RUHSOLD Religious Hate examples,"[""yahoodi ko hitler ne chora or general ne in jaajoon ko chor k dhkya k ye kai hain.😂"", ""phir in yahodi khanzeer logo ko pata chalaiga kai kia ta aur kia nahen ye sirf dajjal kai liye aisa kar rahai hain kyunkai ye yahodi log khazeer log dajjal ko apna leader samjhtai hain aur tumhara pura bollywood bollyminati ban chuka hain tumharai dimagh ko programming ki ja rah"", ""ye bat tum yahoodi ko bolo atankwadi tum ho jo musalman se nafrat ki aag me insaniyat ke sabse bade dushman yahoodi ko support karte ho ye log to face to face mara hai unlog chote bache ka upar bom feka kisi aurat ya admi bacha ko goli mar diya wi bhi waha ke civilian hi hai"", ""yahoodi kabhi hamara dost nhi ho sakta""]",0.7,0.9,1.15,60
22,2,Religious Hate,ye qurbani chakkar pura hota hai aur hum un k khandaniyon per qurbani ho jaati hain,201022,205022,v3_original_demo_boundary_prompt,4-shot random authentic same-class,Shortlisted authentic RUHSOLD Religious Hate examples,"[""or mujhe un ladkiyo se utni hi nafrat hai jo mullo se shadi karti hai jitni kisi normal hindu ko😡 or mujhe hindu ladko se bhi itni hi nafrat hai jo muslim ladkiyo se shadi karte hai... dharam me koi milawat mujhe pasand nahi"", ""dekh le madarch*d islam ka nanga naach..babri par fate hue bawaseer ki tarah bhaunk raha tha na..us par bhi ab apne manhoos muh se kuch hag de..blood cousins ke incest ki paidaish"", ""please all muslims come one page and unite  insha allah   yahoodi isreal finished all"", ""1 balatkari muslim 3 balatkari tera baap hindu h uske bare m kuch bol  be""]",0.7,0.9,1.15,60
23,2,Religious Hate,gulshan abhi tak bhi pakistan se hi niklna chahte thay lkn yahodi qadiyani agent imran chore zakat ke liye bhenchod indian munafiq,201023,205023,v3_original_demo_boundary_prompt,4-shot random authentic same-class,Shortlisted authentic RUHSOLD Religious Hate examples,"[""typical muslim randi-rona taqia."", ""hindu dharm ka matlab samajh pehle puppet khali bhaunk aur bhaunk iam enjoying ur bark 😂😂😂😂"", ""bus ya aur tafseel bataao  ahmdi aurtain beach pe bikini b pehnti hain  jalse aur ijlaas pe burqa b boht hai 🤫"", ""get lost you kaafir.""]",0.7,0.9,1.15,60
24,2,Religious Hate,haha kya bhenchod,201024,205024,v3_original_demo_boundary_prompt,4-shot random authentic same-class,Shortlisted authentic RUHSOLD Religious Hate examples,"[""obviously we muslims hate ahmedi's . 😡 we don't care whatever happens to them ! we just hate them. if their is oppression over other minorities in pakistan which is not usual alhamdolillah, then i condemn that."", ""sali muslims randi. jihadi sali"", ""that nigga was yahoodi he probably lied to all the employees"", ""qadiani ahmedi mirziee kaafir jo hen""]",0.7,0.9,1.15,60
25,2,Religious Hate,yeh tumse pata nahi hein jo tumhein hamari waja se bhokte ho ??? tum ko pasand karoge tu aisa krke bhi nahi bolenge,201025,205025,v3_original_demo_boundary_prompt,4-shot random authentic same-class,Shortlisted authentic RUHSOLD Religious Hate examples,"[""apne profile mein whats app me fb twitter mein is bahadur nojawaan ki pic lga kr islam se or nabi ke din se mhbt ka izhaar kren or itna share kren ek yahoodi apne na pak iradoon se baaz ajaye is shakhs ne quraan pak ki hifazahat mein ek bhtareen mhbt ka jita jagta sabot dia hai"", ""obviously we muslims hate ahmedi's . 😡 we don't care whatever happens to them ! we just hate them. if their is oppression over other minorities in pakistan which is not usual alhamdolillah, then i condemn that."", ""lanat abbtknews k khilaf trend bnane walye yazeedion pe r bibi k dushmano p bhi"", ""sirf momin aya to yahoodi kum nasal marny laggaye agr sawa crore momin agaye to sochen kya hoga?hamen jagna hoga""]",0.7,0.9,1.15,60
26,2,Religious Hate,😂😂😂😂😂 akhrot gaddar ki traf ka halala karwa leta hai,201026,205026,v3_original_demo_boundary_prompt,4-shot random authentic same-class,Shortlisted authentic RUHSOLD Religious Hate examples,"[""chutiya azam ny kia kia ha ab tk sawa saal mein sirf 11600 arab ka izfa qarzoun mein kia or kuch nhi badlo apni soch ko yahodi na bano or ek muslim ki tarh socho"", ""is cult  mein kisi boht hi pyare ko kho dene k baad uski qaber pe phool rakhna b jurm hai west mein qaberisat se phool chura k un ko sale kr k ahmdi chanda dia karte hain takey ragister se naam na kut jaye"", ""insaniyat ko bache rahne do, jis mazhab me janwar ka gala ret ke khushi banti hai, jis mazhab me soorma logo ko 72 virgin ladkiya baati jaati, jo duniya pe kabze ke sapne dekhta ho us mazhab se duuri banane me hi insaniyat ki bhalayi hai."", ""jahil k bachy kahan likha h k gair mazhb sy nikaah jaiz ha... tmari gand me jo keera ha wo nhi merna... khoty khany waly... yahoodi kahan sy hogaey ahle kitaab ....tm.b yahoodi to nhi""]",0.7,0.9,1.15,60
27,2,Religious Hate,rt : jb tumhein tatti lage gi na tumhari masjid ko qabar banay ga,201027,205027,v3_original_demo_boundary_prompt,4-shot random authentic same-class,Shortlisted authentic RUHSOLD Religious Hate examples,"[""tm jeso ki jb g**nd mari jaye na fir tm log thek rehty ho bc k bachy jb wo yahoodi lanti marty hn na wo muslim dekhty hn air kuch ni dekhty baki tm na toh apni pesh krni hoti ha unhy."", ""pislam me media ka estemal kerna haram hai  halala ki paidais"", ""hey are fighting amongst each other. #bajwa is compromise candidate. thats only reason why he a ahmadiya is a coas."", ""hindu sirf gooli ki zuban smjta ha""]",0.7,0.9,1.15,60
28,2,Religious Hate,lanati bharwe tu bhaunk k mar ja.,201028,205028,v3_original_demo_boundary_prompt,4-shot random authentic same-class,Shortlisted authentic RUHSOLD Religious Hate examples,"[""well said.lanati hain ye qadyani kafir"", ""hey are fighting amongst each other. #bajwa is compromise candidate. thats only reason why he a ahmadiya is a coas."", ""is cult  mein kisi boht hi pyare ko kho dene k baad uski qaber pe phool rakhna b jurm hai west mein qaberisat se phool chura k un ko sale kr k ahmdi chanda dia karte hain takey ragister se naam na kut jaye"", ""waise madarso mein bahut achhi taaleem di jaati hai tum jihadi hijdo ko, asar dikh rha hai yahan, khud toh khud ki bhen chodte hi ho aur dusro ko bhi bhenchod samajhte ho.""]",0.7,0.9,1.15,60
29,2,Religious Hate,ab tu khabees jaisa lund hai....sale mulk ka tukraar dega tu.,201029,205029,v3_original_demo_boundary_prompt,4-shot random authentic same-class,Shortlisted authentic RUHSOLD Religious Hate examples,"[""ho gaye hy aur han aj jo ye sekhon k liye kar raha hy ye whoi sekh hy jub pakistan azad howa tha aur muslmano ne jub india sa hijrat ki tub sub zada qatal muslim ko in sekhon ne kiya tha par afsos ap jesy log is yahodi e agent ko ek islami leader mante ho phir kasm khao k allah"", ""or mujhe un ladkiyo se utni hi nafrat hai jo mullo se shadi karti hai jitni kisi normal hindu ko😡 or mujhe hindu ladko se bhi itni hi nafrat hai jo muslim ladkiyo se shadi karte hai... dharam me koi milawat mujhe pasand nahi"", ""sale halala molvi se tum karvao apni oorto ka or apni ma bahan ka bol heme rhe ho molvi kamre m apni bahan ko bej kar sina choda hota hoga tumhara"", ""oeyy randdii k bachay ganddu hindu.. kyun jhoott baq raha hai gashti maa k ganndduu bachay. peshaab p k palnay wali qoum.""]",0.7,0.9,1.15,60
30,2,Religious Hate,halala ki paidaish... tumhare baap ne pakistan mein halala karke apne mohalleb se bachche lage...,201030,205030,v3_original_demo_boundary_prompt,4-shot random authentic same-class,Shortlisted authentic RUHSOLD Religious Hate examples,"[""get lost you kaafir."", ""abe halala ki paidaish..  tumhara to wajood hi 800 years purana hai..  jab bhagwan ram ko kagaj dikhane ki jarurat par gayi to tum kaun ho.. kagaj to dikhana hi parega.. #nrc_caa_npr"", ""#stopisraeliterror   yahoodi mulk jisey israel ka naam diya gaya najaiz hai yahoodi sabse bada dahshatgard"", ""sunni killing a shia....what's new?  thank god he wasn't a ahmedi muslim otherwise the motive would have been to acquire a passport to migrate to western countries and continue their islamic jihadi work after retirement""]",0.7,0.9,1.15,60
31,2,Religious Hate,teri maa ka lund khane wale ho,201031,205031,v3_original_demo_boundary_prompt,4-shot random authentic same-class,Shortlisted authentic RUHSOLD Religious Hate examples,"[""quaid azam was right ky hindu muslim kabhi sth nhi rhy sgty aaj hindu apni hasli shakl dekha rhy hn. agar kisi muslim ny aisa kia hota to india media ki maa mar gi hoti pr ab nhi boly gy. aagy ka ky yehi bol dn gy ky mentally disturb tha or case khtm .#jamia"", ""qadiani ahmedi mirziee kaafir jo hen"", ""bosdk yeh tumhare ghar me hota hai. saari k blouse me mote mote doodh dikhati firti hain tumhare dharam ki orate or hindu orat ko musalman ka l#nd aachaa lagta hai. yeh baat puri dunia janti hai"", ""tw kaafir tera peo kaafir tera pura khandaan kaafir ooo churry trump🐱🐱""]",0.7,0.9,1.15,60
32,2,Religious Hate,koi bhi mazhab ni hota koi gandu bhi mazaq krta hai,201032,205032,v3_original_demo_boundary_prompt,4-shot random authentic same-class,Shortlisted authentic RUHSOLD Religious Hate examples,"[""phir in yahodi khanzeer logo ko pata chalaiga kai kia ta aur kia nahen ye sirf dajjal kai liye aisa kar rahai hain kyunkai ye yahodi log khazeer log dajjal ko apna leader samjhtai hain aur tumhara pura bollywood bollyminati ban chuka hain tumharai dimagh ko programming ki ja rah"", ""aye yahudiyo jitna zulm karna hai kar lo in sha allah woh din bhi zaroor aayega ke tumhe chun chun ke maara jayega yahan tak ke tum darakht ya pattharoñ ke piche chhup jaoge to bejan chizen bhi kahengi yahan yahoodi chhupa hai.hadees ka farman hai ho kar rahega #israeliterrorism"", ""kaafir tujhe kuch nai malum"", ""chal na randi ! we have spiritual connection with supreme leader imam khamnae !  we have our hearts and souls for holy cities of najaf and karbala !  dont give a fck to wahabi chutiyas""]",0.7,0.9,1.15,60
33,2,Religious Hate,tum ny bhi bata diya tha ye sacha mahadi he,201033,205033,v3_original_demo_boundary_prompt,4-shot random authentic same-class,Shortlisted authentic RUHSOLD Religious Hate examples,"[""please don't share his obnoxious face to me. below is the image of the book rohani khzain from ahmedi's official website see what your evil messiah has declared god but you had said you have read the books of mirza and accepted him mehdi may god give you hidyath"", ""#stopisraeliterror   yahoodi mulk jisey israel ka naam diya gaya najaiz hai yahoodi sabse bada dahshatgard"", ""apne profile mein whats app me fb twitter mein is bahadur nojawaan ki pic lga kr islam se or nabi ke din se mhbt ka izhaar kren or itna share kren ek yahoodi apne na pak iradoon se baaz ajaye is shakhs ne quraan pak ki hifazahat mein ek bhtareen mhbt ka jita jagta sabot dia hai"", ""ahmedi mirziee qadiyani hargiz kuleedi uhdu pe nhee janay chahien warna hmari agencies pe swalia nishan hey""]",0.7,0.9,1.15,60
34,2,Religious Hate,gandu pakistan mein kisi aur din pe tumhari jaamat kisi hindoo ne banaya ha jitni tasveereen khatam kia jaye,201034,205034,v3_original_demo_boundary_prompt,4-shot random authentic same-class,Shortlisted authentic RUHSOLD Religious Hate examples,"[""sali muslims randi. jihadi sali"", ""meri tarbiyat yehi hai k jo amreca ko apna baap manta hai na wo muslman hai or na us s koi hanra taloq hai tum nasl e yazeedi ho masl e yahodi or yahoodio ki olad ho"", ""dekh le madarch*d islam ka nanga naach..babri par fate hue bawaseer ki tarah bhaunk raha tha na..us par bhi ab apne manhoos muh se kuch hag de..blood cousins ke incest ki paidaish"", ""pislam me media ka estemal kerna haram hai  halala ki paidais""]",0.7,0.9,1.15,60
35,2,Religious Hate,rt : tere maaa bhe jeete hue teri gand mein lund todne wale jahan se hote hain..teri maa ka yaar hai qadianio ka qabristan,201035,205035,v3_original_demo_boundary_prompt,4-shot random authentic same-class,Shortlisted authentic RUHSOLD Religious Hate examples,"[""lanat abbtknews k khilaf trend bnane walye yazeedion pe r bibi k dushmano p bhi"", ""tmri taraj animals ki potty n khate... tm jaake  bomb fodo jaake.......halala ke masala.  niklo.. yaha tm atankiyo k liy jagah ni h bhai. yaha atank n failaooo"", ""phir in yahodi khanzeer logo ko pata chalaiga kai kia ta aur kia nahen ye sirf dajjal kai liye aisa kar rahai hain kyunkai ye yahodi log khazeer log dajjal ko apna leader samjhtai hain aur tumhara pura bollywood bollyminati ban chuka hain tumharai dimagh ko programming ki ja rah"", ""abe halala ki paidaish..  tumhara to wajood hi 800 years purana hai..  jab bhagwan ram ko kagaj dikhane ki jarurat par gayi to tum kaun ho.. kagaj to dikhana hi parega.. #nrc_caa_npr""]",0.7,0.9,1.15,60
36,2,Religious Hate,jitna kuch nhi jo pakistan ko barbaro kehty hein uska islamabad mai hi bhej do....pakistan se chale jana tareeqay nahi milti,201036,205036,v3_original_demo_boundary_prompt,4-shot random authentic same-class,Shortlisted authentic RUHSOLD Religious Hate examples,"[""hindu sirf gooli ki zuban smjta ha"", ""imran qadyani yahoodi agent hy pti ki 18 bank account hy jis may qadyani yahoodi hondo ny funding ki hy . gold smith jimaima aneel musrst . atif miaan sub qadyani yahoodi hy"", ""ye insan ik chaaal haaa dostoo .........zra smj k chliye gaa...sb jaanty hn qadyaani kaafir hn ......ye sb k sentiments gain kr rhaa haa......bad me ye apna chehra dikhiye gaaa fasad kii shkal me.....in chaaalo sy hosyar rhy baseerat paida kry sb apny andr.. shukria..."", ""tm jeso ki jb g**nd mari jaye na fir tm log thek rehty ho bc k bachy jb wo yahoodi lanti marty hn na wo muslim dekhty hn air kuch ni dekhty baki tm na toh apni pesh krni hoti ha unhy.""]",0.7,0.9,1.15,60
37,2,Religious Hate,abbey charsi ki bachee madarchod..,201037,205037,v3_original_demo_boundary_prompt,4-shot random authentic same-class,Shortlisted authentic RUHSOLD Religious Hate examples,"[""tmri taraj animals ki potty n khate... tm jaake  bomb fodo jaake.......halala ke masala.  niklo.. yaha tm atankiyo k liy jagah ni h bhai. yaha atank n failaooo"", ""jaa bhen k lory tum harrami ki nasal ho.. dewband maslak pe kutty ki tareh bhoonkty ho.."", ""surprise!  surprise!  majority of the muslims are at just in different levels of \""usman khan\"" ranging from mild to extreme (except ahmadiya may be, but they are not \""real muslims\"")  that's from a person living in a country with 95% muslim    https://t.co/hq35u2xrrk,2009-05-25 17:25:26,sydney, new south wales"", ""oeyy randdii k bachay ganddu hindu.. kyun jhoott baq raha hai gashti maa k ganndduu bachay. peshaab p k palnay wali qoum.""]",0.7,0.9,1.15,60
38,2,Religious Hate,yaar kisi bhi aurat ko kashmir frosh jati hai to bahut saare log unki oori tatti ki bat krte hain,201038,205038,v3_original_demo_boundary_prompt,4-shot random authentic same-class,Shortlisted authentic RUHSOLD Religious Hate examples,"[""dekh le madarch*d islam ka nanga naach..babri par fate hue bawaseer ki tarah bhaunk raha tha na..us par bhi ab apne manhoos muh se kuch hag de..blood cousins ke incest ki paidaish"", ""plz sir hamy in say koi khtra nahi hamy is imran khan yahodi our kadiyanion say bachny pay gor karen pak army tayri azmat ko salam"", ""sale halala molvi se tum karvao apni oorto ka or apni ma bahan ka bol heme rhe ho molvi kamre m apni bahan ko bej kar sina choda hota hoga tumhara"", ""pehle america jaiga ue begairaat musliman kehlwane kai laiq nh pehle he logh kehty h eske bary me ye yahoodi hai""]",0.7,0.9,1.15,60
39,2,Religious Hate,"kya pata apni maa ka yaar yahodi ho, gandu",201039,205039,v3_original_demo_boundary_prompt,4-shot random authentic same-class,Shortlisted authentic RUHSOLD Religious Hate examples,"[""huh wut you say u imbecile, i shat on you...toh toh toh kaafir"", ""haha jaat dikha di bsdk antankbadi halala ki aulaad teri ammi ka halala hua tha phir to randi ke bacheðÿ¤£ðÿ¤£ðÿ˜…"", ""sali muslims randi. jihadi sali"", ""jisko bhi hindu ki chudai par shak hai to ek baar mujh se chudwa kar dekho sab bhram dur ho jayega""]",0.7,0.9,1.15,60
40,2,Religious Hate,hawwwwn....ye tumaray chutia hi ho rha hain,201040,205040,v3_original_demo_boundary_prompt,4-shot random authentic same-class,Shortlisted authentic RUHSOLD Religious Hate examples,"[""just the ten thousandth \""isolated\"" instance of christian /jewish/hindu/ahmedi places of worship being attacked by crybabies who themselves can't handle some nutcase burning a book full of fiction stories."", ""kisi randi maa ki olad ap ki hindu aurtain jab pooja karti hn tab wo bagwan ka lund mounh me b leti hn?"", ""that's for foolish act and the ahmedi you highlighted they were equal to jews for us so alhmdurallah we save quran ! . and about hindus and christians its was a false news !  and if it is real then show me !  if you don't have anything then shut up and run !"", ""tmri taraj animals ki potty n khate... tm jaake  bomb fodo jaake.......halala ke masala.  niklo.. yaha tm atankiyo k liy jagah ni h bhai. yaha atank n failaooo""]",0.7,0.9,1.15,60
41,2,Religious Hate,yeh dusri duniya ka jhanda hy aur tu india k jhanda hy,201041,205041,v3_original_demo_boundary_prompt,4-shot random authentic same-class,Shortlisted authentic RUHSOLD Religious Hate examples,"[""pislam me media ka estemal kerna haram hai  halala ki paidais"", ""1 balatkari muslim 3 balatkari tera baap hindu h uske bare m kuch bol  be"", ""abe jaana mullle sale bhikari !! halala k maje krwa apni maa ko"", ""meri tarbiyat yehi hai k jo amreca ko apna baap manta hai na wo muslman hai or na us s koi hanra taloq hai tum nasl e yazeedi ho masl e yahodi or yahoodio ki olad ho""]",0.7,0.9,1.15,60
42,2,Religious Hate,"paki muslims were protesting against #mamuji on the streets, they said he was a ""yahoodi agent"" and they called him ""beghairt"". when will you learn?",201042,205042,v3_original_demo_boundary_prompt,4-shot random authentic same-class,Shortlisted authentic RUHSOLD Religious Hate examples,"[""kabi bi nai jo sakta ya shia log pora ka pora yahodi hn"", ""insaniyat ko bache rahne do, jis mazhab me janwar ka gala ret ke khushi banti hai, jis mazhab me soorma logo ko 72 virgin ladkiya baati jaati, jo duniya pe kabze ke sapne dekhta ho us mazhab se duuri banane me hi insaniyat ki bhalayi hai."", ""o madadarchod: tum tu farigh ho aur yeh gashti tu waisay he sari raat jagti hay. o dallay o kanjar hum tu iran jatay hotay hain tu bata apni behan kitni baar mbs aur us kay wahabi sheikhon ko bhaijta hay."", ""halala ki padayish ho aap aur kya expect karenge hum aapse""]",0.7,0.9,1.15,60
43,2,Religious Hate,abay bhenchod kia gunda larky,201043,205043,v3_original_demo_boundary_prompt,4-shot random authentic same-class,Shortlisted authentic RUHSOLD Religious Hate examples,"[""wise halala ki paidaish tumse yhi ummid ki ja sakti hai madarsa chhhap suarðÿ˜‚ðÿ¤£ðÿ¤£ðÿ¤£ðÿ¤£"", ""just the ten thousandth \""isolated\"" instance of christian /jewish/hindu/ahmedi places of worship being attacked by crybabies who themselves can't handle some nutcase burning a book full of fiction stories."", ""hindoo wo qom ha jinper koi nabi koi kitaab nazil nahi hoi. ye to yahoodi se bhi bad tar hen"", ""uff pakiza muslim randi 😉😍""]",0.7,0.9,1.15,60
44,2,Religious Hate,ye logon ke sabse bara fauj ka qabza hai.. sabse bara yahan pe dikha rahe hain ..,201044,205044,v3_original_demo_boundary_prompt,4-shot random authentic same-class,Shortlisted authentic RUHSOLD Religious Hate examples,"[""yes they are involved in bomb blast... halala and bakrigiri"", ""hey are fighting amongst each other. #bajwa is compromise candidate. thats only reason why he a ahmadiya is a coas."", ""hogai izzat? mera jism meri marzi jc ghaleez or ghatiya terminologies hamare muslim muashrey me dene ki koshish me aapki so-called,vahiyat or ikhlaq se giri support ko khud ne hi reject kardiya.  apne yahoodi gods ko khush krne k liey kuch or karien"", ""another endian hijra coward hindu terrorist army soldier dispatched to shamshangarh by pakistan army i want more endian hindu terrorist dead so keep it up pakistan""]",0.7,0.9,1.15,60
45,2,Religious Hate,randi ke bache tere jaise pta chaly teri maa chod rahe the,201045,205045,v3_original_demo_boundary_prompt,4-shot random authentic same-class,Shortlisted authentic RUHSOLD Religious Hate examples,"[""gau mutr peeyo tum log lodu awkat bna phir aake muh lag, randwa saala"", ""ahmedi mirziee qadiyani hargiz kuleedi uhdu pe nhee janay chahien warna hmari agencies pe swalia nishan hey"", ""quaid azam was right ky hindu muslim kabhi sth nhi rhy sgty aaj hindu apni hasli shakl dekha rhy hn. agar kisi muslim ny aisa kia hota to india media ki maa mar gi hoti pr ab nhi boly gy. aagy ka ky yehi bol dn gy ky mentally disturb tha or case khtm .#jamia"", ""tumhri maa kk chodu sale apni maa ko chod ke paida hone wale randi ki aulad sale apni behan ko biwi bana ke rkhne wale muhammad ki nazayaj aulad""]",0.7,0.9,1.15,60
46,2,Religious Hate,ye kya bhenchod,201046,205046,v3_original_demo_boundary_prompt,4-shot random authentic same-class,Shortlisted authentic RUHSOLD Religious Hate examples,"[""just the ten thousandth \""isolated\"" instance of christian /jewish/hindu/ahmedi places of worship being attacked by crybabies who themselves can't handle some nutcase burning a book full of fiction stories."", ""jisko bhi hindu ki chudai par shak hai to ek baar mujh se chudwa kar dekho sab bhram dur ho jayega"", ""get lost you kaafir."", ""wise halala ki paidaish tumse yhi ummid ki ja sakti hai madarsa chhhap suarðÿ˜‚ðÿ¤£ðÿ¤£ðÿ¤£ðÿ¤£""]",0.7,0.9,1.15,60
47,2,Religious Hate,imran yahodi ka ghar nahi tery mullah ki maa ke lode gandey mein,201047,205047,v3_original_demo_boundary_prompt,4-shot random authentic same-class,Shortlisted authentic RUHSOLD Religious Hate examples,"[""kafir yahodi kafir hindo same thinking"", ""just the ten thousandth \""isolated\"" instance of christian /jewish/hindu/ahmedi places of worship being attacked by crybabies who themselves can't handle some nutcase burning a book full of fiction stories."", ""in beghairto israel yahodi khanzeer kai bacho nai kia kuch nahen kia hain lekhin alhamdulillah islam wahid deen jo mohabbat sikhati hain nakai nafrat aur ye sab sai tezi sai phelta huwa deen hain is liye inko jalan ho rahi hain aur har koshish kar bhe chukai hain aur kar bhe"", ""yahoodi ko hitler ne chora or general ne in jaajoon ko chor k dhkya k ye kai hain.😂""]",0.7,0.9,1.15,60
48,2,Religious Hate,#charsi ki nasal   #nayaaa ghar mein paisa na dekho,201048,205048,v3_original_demo_boundary_prompt,4-shot random authentic same-class,Shortlisted authentic RUHSOLD Religious Hate examples,"[""yahoodi ko hitler ne chora or general ne in jaajoon ko chor k dhkya k ye kai hain.😂"", ""abe jaana mullle sale bhikari !! halala k maje krwa apni maa ko"", ""bus ya aur tafseel bataao  ahmdi aurtain beach pe bikini b pehnti hain  jalse aur ijlaas pe burqa b boht hai 🤫"", ""yahoodi kabhi hamara dost nhi ho sakta""]",0.7,0.9,1.15,60
49,2,Religious Hate,tera jism tu mere marzi,201049,205049,v3_original_demo_boundary_prompt,4-shot random authentic same-class,Shortlisted authentic RUHSOLD Religious Hate examples,"[""abbey halala ki paidaish, 5 baap ki aulaad. patthar baazi ke alawa kuchh kaam kara kabhi teri kaum ne ?"", ""kutto ki tarah america maar raha hai tumhari kaum ko...aasmani kitab walo...israel roj filistin may maa chod raha hai tumhari.... pahle unse nipto....dare hue log😂😂"", ""meri tarbiyat yehi hai k jo amreca ko apna baap manta hai na wo muslman hai or na us s koi hanra taloq hai tum nasl e yazeedi ho masl e yahodi or yahoodio ki olad ho"", ""iran shia mulk ha or ye munafik log han""]",0.7,0.9,1.15,60
50,2,Religious Hate,abb tere baap ne 26/11 ke muslim terrorist k moot marwane k liye kaha tha tu apni gand mein daikha aur ye kya hota,201050,205050,v3_original_demo_boundary_prompt,4-shot random authentic same-class,Shortlisted authentic RUHSOLD Religious Hate examples,"[""that's for foolish act and the ahmedi you highlighted they were equal to jews for us so alhmdurallah we save quran ! . and about hindus and christians its was a false news !  and if it is real then show me !  if you don't have anything then shut up and run !"", ""ahmedi mirziee qadiyani hargiz kuleedi uhdu pe nhee janay chahien warna hmari agencies pe swalia nishan hey"", ""lanat abbtknews k khilaf trend bnane walye yazeedion pe r bibi k dushmano p bhi"", ""abe halala ki paidaish..  tumhara to wajood hi 800 years purana hai..  jab bhagwan ram ko kagaj dikhane ki jarurat par gayi to tum kaun ho.. kagaj to dikhana hi parega.. #nrc_caa_npr""]",0.7,0.9,1.15,60
51,2,Religious Hate,o sasti pakistan yahodi agent,201051,205051,v3_original_demo_boundary_prompt,4-shot random authentic same-class,Shortlisted authentic RUHSOLD Religious Hate examples,"[""jahil k bachy kahan likha h k gair mazhb sy nikaah jaiz ha... tmari gand me jo keera ha wo nhi merna... khoty khany waly... yahoodi kahan sy hogaey ahle kitaab ....tm.b yahoodi to nhi"", ""phir kehty hum bhot badry #muslim hn aur #ashaq_e_rasool sawm hain lanat hai un sab #haramio py jinho ny bibi fatima zahra ko shahheed kia aur #haq khaya 🖐🏻😡🐕 aur lanat un sab py jo un #haramio ky hamdard hain"", ""hindoo wo qom ha jinper koi nabi koi kitaab nazil nahi hoi. ye to yahoodi se bhi bad tar hen"", ""bosdk yeh tumhare ghar me hota hai. saari k blouse me mote mote doodh dikhati firti hain tumhare dharam ki orate or hindu orat ko musalman ka l#nd aachaa lagta hai. yeh baat puri dunia janti hai""]",0.7,0.9,1.15,60
52,2,Religious Hate,i am very happy that this terrorist has been killed . he was wanted in 6 cases. we will make sure that every terrorists and their supporters get justice,201052,205052,v3_original_demo_boundary_prompt,4-shot random authentic same-class,Shortlisted authentic RUHSOLD Religious Hate examples,"[""or wahan tumhara jahanumi ahmedi jo naaowz billah nabi hona ka dawa dar tha wo wo case hara tha or court sa bhag gya tha.nabi pak p.b.u.h allah ka akhri nabi han or on ka bad koi nabi nahi ae ga.ya ak haqeqat ha jo quran ma bhi ha.or 1947 ma pak islam ka name par bana tha."", ""apne profile mein whats app me fb twitter mein is bahadur nojawaan ki pic lga kr islam se or nabi ke din se mhbt ka izhaar kren or itna share kren ek yahoodi apne na pak iradoon se baaz ajaye is shakhs ne quraan pak ki hifazahat mein ek bhtareen mhbt ka jita jagta sabot dia hai"", ""sali muslims randi. jihadi sali"", ""hindoo wo qom ha jinper koi nabi koi kitaab nazil nahi hoi. ye to yahoodi se bhi bad tar hen""]",0.7,0.9,1.15,60
53,2,Religious Hate,rt : yeh gulbuddin he jo pakistan mein nangi rakhna chahta tha,201053,205053,v3_original_demo_boundary_prompt,4-shot random authentic same-class,Shortlisted authentic RUHSOLD Religious Hate examples,"[""poocho hamarai imam sai kai quran mein kaha likha huwa hain aisai ye sirf yahodi khanzeer logo ki chaal hainmuslims ko badnaam karkai liye  zara socho na tumharai hinduism ko badnaam kyun nahen kartai islam kai peechai kyun parai huwai hain zara dimagh ko khol kai socho"", ""sunni killing a shia....what's new?  thank god he wasn't a ahmedi muslim otherwise the motive would have been to acquire a passport to migrate to western countries and continue their islamic jihadi work after retirement"", ""rt : q. woh kaun si qome he,jis ne such bhi bola phr bhi jahnum mein jayegi? ans: yahoodi or nasara qome. shahid sindh"", ""yahodi agent qadyani chamcha""]",0.7,0.9,1.15,60
54,2,Religious Hate,zindgi tujhe badla mili 😒,201054,205054,v3_original_demo_boundary_prompt,4-shot random authentic same-class,Shortlisted authentic RUHSOLD Religious Hate examples,"[""ye insan ik chaaal haaa dostoo .........zra smj k chliye gaa...sb jaanty hn qadyaani kaafir hn ......ye sb k sentiments gain kr rhaa haa......bad me ye apna chehra dikhiye gaaa fasad kii shkal me.....in chaaalo sy hosyar rhy baseerat paida kry sb apny andr.. shukria..."", ""waise madarso mein bahut achhi taaleem di jaati hai tum jihadi hijdo ko, asar dikh rha hai yahan, khud toh khud ki bhen chodte hi ho aur dusro ko bhi bhenchod samajhte ho."", ""apne profile mein whats app me fb twitter mein is bahadur nojawaan ki pic lga kr islam se or nabi ke din se mhbt ka izhaar kren or itna share kren ek yahoodi apne na pak iradoon se baaz ajaye is shakhs ne quraan pak ki hifazahat mein ek bhtareen mhbt ka jita jagta sabot dia hai"", ""tm jeso ki jb g**nd mari jaye na fir tm log thek rehty ho bc k bachy jb wo yahoodi lanti marty hn na wo muslim dekhty hn air kuch ni dekhty baki tm na toh apni pesh krni hoti ha unhy.""]",0.7,0.9,1.15,60
55,2,Religious Hate,"tum logon ny pakistan ko badnam kar diya hai....gau mutr, bhenchod, chutiya, yar, akhrot",201055,205055,v3_original_demo_boundary_prompt,4-shot random authentic same-class,Shortlisted authentic RUHSOLD Religious Hate examples,"[""kutto ki tarah america maar raha hai tumhari kaum ko...aasmani kitab walo...israel roj filistin may maa chod raha hai tumhari.... pahle unse nipto....dare hue log😂😂"", ""halala ki padayish ho aap aur kya expect karenge hum aapse"", ""gau mutr peeyo tum log lodu awkat bna phir aake muh lag, randwa saala"", ""ye insan ik chaaal haaa dostoo .........zra smj k chliye gaa...sb jaanty hn qadyaani kaafir hn ......ye sb k sentiments gain kr rhaa haa......bad me ye apna chehra dikhiye gaaa fasad kii shkal me.....in chaaalo sy hosyar rhy baseerat paida kry sb apny andr.. shukria...""]",0.7,0.9,1.15,60
56,2,Religious Hate,abe saali yeh bolna nhi aata thaa 😂,201056,205056,v3_original_demo_boundary_prompt,4-shot random authentic same-class,Shortlisted authentic RUHSOLD Religious Hate examples,"[""kitane maulviyon ne tumhari ammi jaan ka halala kiya hoga tab jakar tum jaisa suar nikla hoga .. ye bhi to bta re mulle.."", ""not surprised comment came from ahmedi. tbh, i won't be surprised when some christians will argue that they r included in muslim category too. just bcoz they believe there is only one god."", ""chhor bhen chod hrami hindu chhor esko😠😠😠"", ""no no ...... hindu na kah mujhe ........islam bura maan jayega .......kaafir kah kaafir...""]",0.7,0.9,1.15,60
57,2,Religious Hate,bhenchod yar tere jaise muslims kahan se atay hai?,201057,205057,v3_original_demo_boundary_prompt,4-shot random authentic same-class,Shortlisted authentic RUHSOLD Religious Hate examples,"[""abe mc mein bheju teri maa cow ka photo kat te hue bc. chod teri tarah andhbhakt nhi hu aur nhi illiterate.. go and drink cow piss."", ""hindu dharm ka matlab samajh pehle puppet khali bhaunk aur bhaunk iam enjoying ur bark 😂😂😂😂"", ""how did an ahmadiya get to the top in the army of sunnis, in the first place?"", ""get lost you kaafir.""]",0.7,0.9,1.15,60
58,2,Religious Hate,tm to sabse badtameezi hindoo loray ho,201058,205058,v3_original_demo_boundary_prompt,4-shot random authentic same-class,Shortlisted authentic RUHSOLD Religious Hate examples,"[""jahil k bachy kahan likha h k gair mazhb sy nikaah jaiz ha... tmari gand me jo keera ha wo nhi merna... khoty khany waly... yahoodi kahan sy hogaey ahle kitaab ....tm.b yahoodi to nhi"", ""ye pagliya gyi h saali... kuttiya ye ab bhul gyi h jisne #halala or #teentlaaq se aazadi dilwayi usko bhul gyi h ye mullli...."", ""shia kaafir hai aur hum naam k musalmaan."", ""sale halala molvi se tum karvao apni oorto ka or apni ma bahan ka bol heme rhe ho molvi kamre m apni bahan ko bej kar sina choda hota hoga tumhara""]",0.7,0.9,1.15,60
59,2,Religious Hate,apni maa ki choot marwa lo orat march ki tarah..jahil ho,201059,205059,v3_original_demo_boundary_prompt,4-shot random authentic same-class,Shortlisted authentic RUHSOLD Religious Hate examples,"[""qadiani ahmedi mirziee kaafir jo hen"", ""abbey halala ki paidaish, 5 baap ki aulaad. patthar baazi ke alawa kuchh kaam kara kabhi teri kaum ne ?"", ""jahil k bachy kahan likha h k gair mazhb sy nikaah jaiz ha... tmari gand me jo keera ha wo nhi merna... khoty khany waly... yahoodi kahan sy hogaey ahle kitaab ....tm.b yahoodi to nhi"", ""poocho hamarai imam sai kai quran mein kaha likha huwa hain aisai ye sirf yahodi khanzeer logo ki chaal hainmuslims ko badnaam karkai liye  zara socho na tumharai hinduism ko badnaam kyun nahen kartai islam kai peechai kyun parai huwai hain zara dimagh ko khol kai socho""]",0.7,0.9,1.15,60
60,2,Religious Hate,teri maa ka yaar imran khan bakwas krta hai 🤣,201060,205060,v3_original_demo_boundary_prompt,4-shot random authentic same-class,Shortlisted authentic RUHSOLD Religious Hate examples,"[""m firqa wariyat m nahi parhna chahta, muslims mjo ahktlaf hen wo apni jaga , lekin pichly 200 saal sy muslim is liye mar kha rhy hen k sunni shia wahabi dayobandi bla bla ,,yahodi or nasara ny na koi sunni mulk chora ha na koi shia,  wo bs yehi dekhtay ye muslman ha ..bs maro isk"", ""phir kehty hum bhot badry #muslim hn aur #ashaq_e_rasool sawm hain lanat hai un sab #haramio py jinho ny bibi fatima zahra ko shahheed kia aur #haq khaya 🖐🏻😡🐕 aur lanat un sab py jo un #haramio ky hamdard hain"", ""o madadarchod: tum tu farigh ho aur yeh gashti tu waisay he sari raat jagti hay. o dallay o kanjar hum tu iran jatay hotay hain tu bata apni behan kitni baar mbs aur us kay wahabi sheikhon ko bhaijta hay."", ""ahmedi mirziee qadiyani hargiz kuleedi uhdu pe nhee janay chahien warna hmari agencies pe swalia nishan hey""]",0.7,0.9,1.15,60
61,2,Religious Hate,"rt : sachay saalee, islam ka naam hai isliye islam ka naam nikal do uss se bhejein",201061,205061,v3_original_demo_boundary_prompt,4-shot random authentic same-class,Shortlisted authentic RUHSOLD Religious Hate examples,"[""phir in yahodi khanzeer logo ko pata chalaiga kai kia ta aur kia nahen ye sirf dajjal kai liye aisa kar rahai hain kyunkai ye yahodi log khazeer log dajjal ko apna leader samjhtai hain aur tumhara pura bollywood bollyminati ban chuka hain tumharai dimagh ko programming ki ja rah"", ""tw kaafir tera peo kaafir tera pura khandaan kaafir ooo churry trump🐱🐱"", ""kisi randi maa ki olad ap ki hindu aurtain jab pooja karti hn tab wo bagwan ka lund mounh me b leti hn?"", ""jahil k bachy kahan likha h k gair mazhb sy nikaah jaiz ha... tmari gand me jo keera ha wo nhi merna... khoty khany waly... yahoodi kahan sy hogaey ahle kitaab ....tm.b yahoodi to nhi""]",0.7,0.9,1.15,60
62,2,Religious Hate,"haan tu saali randi rona karo, apni maa baap kutty ki tarah behn ko chodne wale ko dikhe hue tera lund mar gaya",201062,205062,v3_original_demo_boundary_prompt,4-shot random authentic same-class,Shortlisted authentic RUHSOLD Religious Hate examples,"[""get lost you kaafir."", ""oy ahmdi kuty. tum log smjhty ho k is trah kr k hm awam ko pagl bnao gy?? beta bajwa ne tere jeso ko nanga nachana he sbr kr. kahi ni ja rha hmara army chief. tum logo ne agly 3 sal me ye duniya hi chor jani bajwa k dar se. ye army chief nahi pakistan ka muhafiz he."", ""how did an ahmadiya get to the top in the army of sunnis, in the first place?"", ""ye bat tum yahoodi ko bolo atankwadi tum ho jo musalman se nafrat ki aag me insaniyat ke sabse bade dushman yahoodi ko support karte ho ye log to face to face mara hai unlog chote bache ka upar bom feka kisi aurat ya admi bacha ko goli mar diya wi bhi waha ke civilian hi hai""]",0.7,0.9,1.15,60
63,2,Religious Hate,oye abe imran niazi ki maa behn ne pakistan me chupaya hai tu jaisi nikli bhenchod,201063,205063,v3_original_demo_boundary_prompt,4-shot random authentic same-class,Shortlisted authentic RUHSOLD Religious Hate examples,"[""bosdk yeh tumhare ghar me hota hai. saari k blouse me mote mote doodh dikhati firti hain tumhare dharam ki orate or hindu orat ko musalman ka l#nd aachaa lagta hai. yeh baat puri dunia janti hai"", ""how did an ahmadiya get to the top in the army of sunnis, in the first place?"", ""plz sir hamy in say koi khtra nahi hamy is imran khan yahodi our kadiyanion say bachny pay gor karen pak army tayri azmat ko salam"", ""ye manhoos hinduon ki diwali k chakkar mai har jaga ki aur quality kharab hogai, bharwe""]",0.7,0.9,1.15,60
64,2,Religious Hate,abe tere maa ke baare mein bhaunk raha tha tu,201064,205064,v3_original_demo_boundary_prompt,4-shot random authentic same-class,Shortlisted authentic RUHSOLD Religious Hate examples,"[""please don't share his obnoxious face to me. below is the image of the book rohani khzain from ahmedi's official website see what your evil messiah has declared god but you had said you have read the books of mirza and accepted him mehdi may god give you hidyath"", ""jisko bhi hindu ki chudai par shak hai to ek baar mujh se chudwa kar dekho sab bhram dur ho jayega"", ""yahoodi kabhi hamara dost nhi ho sakta"", ""pehle apni aurto ko halala se bachao ye bhi modi kar raha hai. agar sahi tum logo ka dna kiya jaye to pata nhi baap kon niklega""]",0.7,0.9,1.15,60
65,2,Religious Hate,hmari ammi ko bhej lain ga pakistan,201065,205065,v3_original_demo_boundary_prompt,4-shot random authentic same-class,Shortlisted authentic RUHSOLD Religious Hate examples,"[""q teri bhen ko chuda hy dewbandion ny ..harami ki nasal"", ""waise madarso mein bahut achhi taaleem di jaati hai tum jihadi hijdo ko, asar dikh rha hai yahan, khud toh khud ki bhen chodte hi ho aur dusro ko bhi bhenchod samajhte ho."", ""insaniyat ko bache rahne do, jis mazhab me janwar ka gala ret ke khushi banti hai, jis mazhab me soorma logo ko 72 virgin ladkiya baati jaati, jo duniya pe kabze ke sapne dekhta ho us mazhab se duuri banane me hi insaniyat ki bhalayi hai."", ""chutiya azam ny kia kia ha ab tk sawa saal mein sirf 11600 arab ka izfa qarzoun mein kia or kuch nhi badlo apni soch ko yahodi na bano or ek muslim ki tarh socho""]",0.7,0.9,1.15,60
66,2,Religious Hate,ye kia shaitan hai,201066,205066,v3_original_demo_boundary_prompt,4-shot random authentic same-class,Shortlisted authentic RUHSOLD Religious Hate examples,"[""abe bharwe tum hindu hi duniya k sub se bara atankwaz ho haramiyon bt krte ho hamare age tumhari country me hindu k elawa koi safe nhi he  tumhari country ka name isi liye  lynchistan he  isi king all the world"", ""plz sir hamy in say koi khtra nahi hamy is imran khan yahodi our kadiyanion say bachny pay gor karen pak army tayri azmat ko salam"", ""chal fosdi ke mohammad kabile wale ki halala ki aulad"", ""kafir yahodi kafir hindo same thinking""]",0.7,0.9,1.15,60
67,2,Religious Hate,"hahaha apni zindagi ke liye shadi kr le na, phir ek ghar wala mard ko jaisy hi kuch log rakhny detay hain",201067,205067,v3_original_demo_boundary_prompt,4-shot random authentic same-class,Shortlisted authentic RUHSOLD Religious Hate examples,"[""yahoodi kabhi hamara dost nhi ho sakta"", ""jaa bhen k lory tum harrami ki nasal ho.. dewband maslak pe kutty ki tareh bhoonkty ho.."", ""abe mc mein bheju teri maa cow ka photo kat te hue bc. chod teri tarah andhbhakt nhi hu aur nhi illiterate.. go and drink cow piss."", ""but we have a firm belief now that qadiyani and ahmedi neither want muslims nor pakistanis to live in a harmony""]",0.7,0.9,1.15,60
68,2,Religious Hate,yahoodi agent sahi kaha tha apni zindagi ke samny koi haya hota nahin,201068,205068,v3_original_demo_boundary_prompt,4-shot random authentic same-class,Shortlisted authentic RUHSOLD Religious Hate examples,"[""insaniyat ko bache rahne do, jis mazhab me janwar ka gala ret ke khushi banti hai, jis mazhab me soorma logo ko 72 virgin ladkiya baati jaati, jo duniya pe kabze ke sapne dekhta ho us mazhab se duuri banane me hi insaniyat ki bhalayi hai."", ""ye manhoos hinduon ki diwali k chakkar mai har jaga ki aur quality kharab hogai, bharwe"", ""tw kaafir tera peo kaafir tera pura khandaan kaafir ooo churry trump🐱🐱"", ""lant hy teri aagli pecchli tweet pe or tum pe or qadyanion pe or kuch ?""]",0.7,0.9,1.15,60
69,2,Religious Hate,ye apne baare main galiyan laga raha hy pta chlny wala hy,201069,205069,v3_original_demo_boundary_prompt,4-shot random authentic same-class,Shortlisted authentic RUHSOLD Religious Hate examples,"[""tum log yahoodi ho kisi ko shuck nahi hona chaheye bus kafi hogae musalmanon ko aur dhoka na dou👹"", ""abe mc mein bheju teri maa cow ka photo kat te hue bc. chod teri tarah andhbhakt nhi hu aur nhi illiterate.. go and drink cow piss."", ""sali muslims randi. jihadi sali"", ""imran qadyani yahoodi agent hy pti ki 18 bank account hy jis may qadyani yahoodi hondo ny funding ki hy . gold smith jimaima aneel musrst . atif miaan sub qadyani yahoodi hy""]",0.7,0.9,1.15,60
70,2,Religious Hate,pakistan ki aagay bhenchod yeh to hain 😂,201070,205070,v3_original_demo_boundary_prompt,4-shot random authentic same-class,Shortlisted authentic RUHSOLD Religious Hate examples,"[""that nigga was yahoodi he probably lied to all the employees"", ""hindoo wo qom ha jinper koi nabi koi kitaab nazil nahi hoi. ye to yahoodi se bhi bad tar hen"", ""hey are fighting amongst each other. #bajwa is compromise candidate. thats only reason why he a ahmadiya is a coas."", ""or mujhe un ladkiyo se utni hi nafrat hai jo mullo se shadi karti hai jitni kisi normal hindu ko😡 or mujhe hindu ladko se bhi itni hi nafrat hai jo muslim ladkiyo se shadi karte hai... dharam me koi milawat mujhe pasand nahi""]",0.7,0.9,1.15,60
71,2,Religious Hate,ye kya mullo ka charsi,201071,205071,v3_original_demo_boundary_prompt,4-shot random authentic same-class,Shortlisted authentic RUHSOLD Religious Hate examples,"[""dekh le madarch*d islam ka nanga naach..babri par fate hue bawaseer ki tarah bhaunk raha tha na..us par bhi ab apne manhoos muh se kuch hag de..blood cousins ke incest ki paidaish"", ""or mujhe un ladkiyo se utni hi nafrat hai jo mullo se shadi karti hai jitni kisi normal hindu ko😡 or mujhe hindu ladko se bhi itni hi nafrat hai jo muslim ladkiyo se shadi karte hai... dharam me koi milawat mujhe pasand nahi"", ""yahodi agent qadyani chamcha"", ""gau mutr peeyo tum log lodu awkat bna phir aake muh lag, randwa saala""]",0.7,0.9,1.15,60
72,2,Religious Hate,"you call yourself ""khan"" but you are ""khandani"".   jab tak ungliyan pura kar raha hai tab tak ""maalik"" rahega kya?",201072,205072,v3_original_demo_boundary_prompt,4-shot random authentic same-class,Shortlisted authentic RUHSOLD Religious Hate examples,"[""#khuda ki qasam agar mey hota tu zinda nahe bach sakta ta muj sey ye beghairat kafir yahoodi."", ""wehshi darandy easai yahodi hindo islam amanka ka mazhab"", ""tum log yahoodi ho kisi ko shuck nahi hona chaheye bus kafi hogae musalmanon ko aur dhoka na dou👹"", ""typical muslim randi-rona taqia.""]",0.7,0.9,1.15,60
73,2,Religious Hate,qandeel baloch ka naam to pata nahi abhi.. or tu teri maa ki bhen ko dikha raha hai 😂😂,201073,205073,v3_original_demo_boundary_prompt,4-shot random authentic same-class,Shortlisted authentic RUHSOLD Religious Hate examples,"[""iran shia mulk ha or ye munafik log han"", ""jahil k bachy kahan likha h k gair mazhb sy nikaah jaiz ha... tmari gand me jo keera ha wo nhi merna... khoty khany waly... yahoodi kahan sy hogaey ahle kitaab ....tm.b yahoodi to nhi"", ""how did an ahmadiya get to the top in the army of sunnis, in the first place?"", ""chal na randi ! we have spiritual connection with supreme leader imam khamnae !  we have our hearts and souls for holy cities of najaf and karbala !  dont give a fck to wahabi chutiyas""]",0.7,0.9,1.15,60
74,2,Religious Hate,#stopislamistterrorism #donttolerateterrorism #mumbailattack   abe halala se phele hue aaj tak india ne 26/11 ki saza nahin di thi.,201074,205074,v3_original_demo_boundary_prompt,4-shot random authentic same-class,Shortlisted authentic RUHSOLD Religious Hate examples,"[""ye lode teri maa or bahan ke shohar hai or jyada bolega to de denge teri maa or bahan ko hum denge talaq or fir halala wow kya baat hai mullo wow lund chuss lo ðÿ˜œðÿ˜œðÿ˜œðÿ˜œ"", ""kisi randi maa ki olad ap ki hindu aurtain jab pooja karti hn tab wo bagwan ka lund mounh me b leti hn?"", ""surprise!  surprise!  majority of the muslims are at just in different levels of \""usman khan\"" ranging from mild to extreme (except ahmadiya may be, but they are not \""real muslims\"")  that's from a person living in a country with 95% muslim    https://t.co/hq35u2xrrk,2009-05-25 17:25:26,sydney, new south wales"", ""kafir yahodi kafir hindo same thinking""]",0.7,0.9,1.15,60
75,2,Religious Hate,yar tum logon ko ghalib ki khaber nahin hai.. ye kis ne jo sakoon diya ha????,201075,205075,v3_original_demo_boundary_prompt,4-shot random authentic same-class,Shortlisted authentic RUHSOLD Religious Hate examples,"[""hindu dharm ka matlab samajh pehle puppet khali bhaunk aur bhaunk iam enjoying ur bark 😂😂😂😂"", ""please all muslims come one page and unite  insha allah   yahoodi isreal finished all"", ""kafir yahodi kafir hindo same thinking"", ""m firqa wariyat m nahi parhna chahta, muslims mjo ahktlaf hen wo apni jaga , lekin pichly 200 saal sy muslim is liye mar kha rhy hen k sunni shia wahabi dayobandi bla bla ,,yahodi or nasara ny na koi sunni mulk chora ha na koi shia,  wo bs yehi dekhtay ye muslman ha ..bs maro isk""]",0.7,0.9,1.15,60
76,2,Religious Hate,jb tumhari maa bahan aur betiyan ka chutiyapa nikla tha tab yehi ho gaya tha,201076,205076,v3_original_demo_boundary_prompt,4-shot random authentic same-class,Shortlisted authentic RUHSOLD Religious Hate examples,"[""another endian hijra coward hindu terrorist army soldier dispatched to shamshangarh by pakistan army i want more endian hindu terrorist dead so keep it up pakistan"", ""path of cruelty , path of violence, path of halala , path of tripe talaq, path of marrying 6 years old aisha,path to discipline their wives by beating them,path of hurun,path of apostasy,path of punishable apostasy, path of beheading. what a pissful religion izlam is ðÿ‘"", ""meri tarbiyat yehi hai k jo amreca ko apna baap manta hai na wo muslman hai or na us s koi hanra taloq hai tum nasl e yazeedi ho masl e yahodi or yahoodio ki olad ho"", ""lant hy teri aagli pecchli tweet pe or tum pe or qadyanion pe or kuch ?""]",0.7,0.9,1.15,60
77,2,Religious Hate,teri maa behan kisi gandu jahil ko bacha krna tha teri maut ka ghulam jab tak koi bhi nhi uski zindagi se nahi pohancha,201077,205077,v3_original_demo_boundary_prompt,4-shot random authentic same-class,Shortlisted authentic RUHSOLD Religious Hate examples,"[""just the ten thousandth \""isolated\"" instance of christian /jewish/hindu/ahmedi places of worship being attacked by crybabies who themselves can't handle some nutcase burning a book full of fiction stories."", ""kadiyani kafir thay hain aur hamesha harain gay. ye dajjali fitnay ki ek kari hain. aur inkay supporters hum main bhe jo chupay howay hain wo bhe khanzeer kafir he hain. lannat beshomar kadiyanio pr."", ""poocho hamarai imam sai kai quran mein kaha likha huwa hain aisai ye sirf yahodi khanzeer logo ki chaal hainmuslims ko badnaam karkai liye  zara socho na tumharai hinduism ko badnaam kyun nahen kartai islam kai peechai kyun parai huwai hain zara dimagh ko khol kai socho"", ""phir in yahodi khanzeer logo ko pata chalaiga kai kia ta aur kia nahen ye sirf dajjal kai liye aisa kar rahai hain kyunkai ye yahodi log khazeer log dajjal ko apna leader samjhtai hain aur tumhara pura bollywood bollyminati ban chuka hain tumharai dimagh ko programming ki ja rah""]",0.7,0.9,1.15,60
78,2,Religious Hate,teri maa chod rha tha tu tera baap tha haramkhor,201078,205078,v3_original_demo_boundary_prompt,4-shot random authentic same-class,Shortlisted authentic RUHSOLD Religious Hate examples,"[""gau mutr peeyo tum log lodu awkat bna phir aake muh lag, randwa saala"", ""haha jaat dikha di bsdk antankbadi halala ki aulaad teri ammi ka halala hua tha phir to randi ke bacheðÿ¤£ðÿ¤£ðÿ˜…"", ""kabi bi nai jo sakta ya shia log pora ka pora yahodi hn"", ""please all muslims come one page and unite  insha allah   yahoodi isreal finished all""]",0.7,0.9,1.15,60
79,2,Religious Hate,sharam aise tere munh pe,201079,205079,v3_original_demo_boundary_prompt,4-shot random authentic same-class,Shortlisted authentic RUHSOLD Religious Hate examples,"[""chal na randi ! we have spiritual connection with supreme leader imam khamnae !  we have our hearts and souls for holy cities of najaf and karbala !  dont give a fck to wahabi chutiyas"", ""pta nhi kon si uni se graduate hote ho aap log jnha aesi wahiyat education di jati hðÿ˜‚ðÿ˜‚ðÿ˜‚ halala, gazwa-e-hind, camel urine or pta nhi kya kyaðÿ˜‚ðÿ˜‚ðÿ˜‚ðÿ¤£ðÿ¤£ðÿ¤£ðÿ¤£ðÿ‘ðÿ»"", ""waise madarso mein bahut achhi taaleem di jaati hai tum jihadi hijdo ko, asar dikh rha hai yahan, khud toh khud ki bhen chodte hi ho aur dusro ko bhi bhenchod samajhte ho."", ""dekh le madarch*d islam ka nanga naach..babri par fate hue bawaseer ki tarah bhaunk raha tha na..us par bhi ab apne manhoos muh se kuch hag de..blood cousins ke incest ki paidaish""]",0.7,0.9,1.15,60
80,2,Religious Hate,khanzeer yahodi hain,201080,205080,v3_original_demo_boundary_prompt,4-shot random authentic same-class,Shortlisted authentic RUHSOLD Religious Hate examples,"[""#khuda ki qasam agar mey hota tu zinda nahe bach sakta ta muj sey ye beghairat kafir yahoodi."", ""please sell up you yahoodi bastards"", ""or mujhe un ladkiyo se utni hi nafrat hai jo mullo se shadi karti hai jitni kisi normal hindu ko😡 or mujhe hindu ladko se bhi itni hi nafrat hai jo muslim ladkiyo se shadi karte hai... dharam me koi milawat mujhe pasand nahi"", ""q teri bhen ko chuda hy dewbandion ny ..harami ki nasal""]",0.7,0.9,1.15,60
81,2,Religious Hate,ye yahodi agent hain aur ye sab kya yar haal jahan se pakistan mein khan nahi ayega to ye kya karay ga,201081,205081,v3_original_demo_boundary_prompt,4-shot random authentic same-class,Shortlisted authentic RUHSOLD Religious Hate examples,"[""lant hy teri aagli pecchli tweet pe or tum pe or qadyanion pe or kuch ?"", ""aor hamary hkmran in k sath mily huy en ....yahudi aor hindun hmary sb sy bry dushman en"", ""meri tarbiyat yehi hai k jo amreca ko apna baap manta hai na wo muslman hai or na us s koi hanra taloq hai tum nasl e yazeedi ho masl e yahodi or yahoodio ki olad ho"", ""kaafir tujhe kuch nai malum""]",0.7,0.9,1.15,60
82,2,Religious Hate,tere baap ne tumhara jism ke liye kya goli marwane ki zarorat thi..?,201082,205082,v3_original_demo_boundary_prompt,4-shot random authentic same-class,Shortlisted authentic RUHSOLD Religious Hate examples,"[""kutto ki tarah america maar raha hai tumhari kaum ko...aasmani kitab walo...israel roj filistin may maa chod raha hai tumhari.... pahle unse nipto....dare hue log😂😂"", ""waise madarso mein bahut achhi taaleem di jaati hai tum jihadi hijdo ko, asar dikh rha hai yahan, khud toh khud ki bhen chodte hi ho aur dusro ko bhi bhenchod samajhte ho."", ""please don't share his obnoxious face to me. below is the image of the book rohani khzain from ahmedi's official website see what your evil messiah has declared god but you had said you have read the books of mirza and accepted him mehdi may god give you hidyath"", ""well said.lanati hain ye qadyani kafir""]",0.7,0.9,1.15,60
83,2,Religious Hate,abe haramkhor khanzeer kai bacho ghar mein jaake bhaunk mat,201083,205083,v3_original_demo_boundary_prompt,4-shot random authentic same-class,Shortlisted authentic RUHSOLD Religious Hate examples,"[""kutto ki tarah america maar raha hai tumhari kaum ko...aasmani kitab walo...israel roj filistin may maa chod raha hai tumhari.... pahle unse nipto....dare hue log😂😂"", ""tum vahi karo jo aata hai ,namaz or bakri chudai"", ""in beghairto israel yahodi khanzeer kai bacho nai kia kuch nahen kia hain lekhin alhamdulillah islam wahid deen jo mohabbat sikhati hain nakai nafrat aur ye sab sai tezi sai phelta huwa deen hain is liye inko jalan ho rahi hain aur har koshish kar bhe chukai hain aur kar bhe"", ""not surprised comment came from ahmedi. tbh, i won't be surprised when some christians will argue that they r included in muslim category too. just bcoz they believe there is only one god.""]",0.7,0.9,1.15,60
84,2,Religious Hate,rt :   ye bhenchod kya pakistan mein jaaton ko aur ahmadiya muslims ko goli maaro...aur israel mein zinda rehte hain...#israel,201084,205084,v3_original_demo_boundary_prompt,4-shot random authentic same-class,Shortlisted authentic RUHSOLD Religious Hate examples,"[""path of cruelty , path of violence, path of halala , path of tripe talaq, path of marrying 6 years old aisha,path to discipline their wives by beating them,path of hurun,path of apostasy,path of punishable apostasy, path of beheading. what a pissful religion izlam is ðÿ‘"", ""ahmdi is a non muslim biggest cheap religion ahmdi."", ""dekh le madarch*d islam ka nanga naach..babri par fate hue bawaseer ki tarah bhaunk raha tha na..us par bhi ab apne manhoos muh se kuch hag de..blood cousins ke incest ki paidaish"", ""1 balatkari muslim 3 balatkari tera baap hindu h uske bare m kuch bol  be""]",0.7,0.9,1.15,60
85,2,Religious Hate,abe teri behna ......hindustani samajh rakha hua tha tu kya yahan tum logo ne mout ke liye kaha hua hai ????,201085,205085,v3_original_demo_boundary_prompt,4-shot random authentic same-class,Shortlisted authentic RUHSOLD Religious Hate examples,"[""iran shia mulk ha or ye munafik log han"", ""no no ...... hindu na kah mujhe ........islam bura maan jayega .......kaafir kah kaafir..."", ""or mujhe un ladkiyo se utni hi nafrat hai jo mullo se shadi karti hai jitni kisi normal hindu ko😡 or mujhe hindu ladko se bhi itni hi nafrat hai jo muslim ladkiyo se shadi karte hai... dharam me koi milawat mujhe pasand nahi"", ""tm jeso ki jb g**nd mari jaye na fir tm log thek rehty ho bc k bachy jb wo yahoodi lanti marty hn na wo muslim dekhty hn air kuch ni dekhty baki tm na toh apni pesh krni hoti ha unhy.""]",0.7,0.9,1.15,60
86,2,Religious Hate,ye koi nai teri maa ki chut mein phudi marunga,201086,205086,v3_original_demo_boundary_prompt,4-shot random authentic same-class,Shortlisted authentic RUHSOLD Religious Hate examples,"[""kaafir tujhe kuch nai malum"", ""pta nhi kon si uni se graduate hote ho aap log jnha aesi wahiyat education di jati hðÿ˜‚ðÿ˜‚ðÿ˜‚ halala, gazwa-e-hind, camel urine or pta nhi kya kyaðÿ˜‚ðÿ˜‚ðÿ˜‚ðÿ¤£ðÿ¤£ðÿ¤£ðÿ¤£ðÿ‘ðÿ»"", ""or wahan tumhara jahanumi ahmedi jo naaowz billah nabi hona ka dawa dar tha wo wo case hara tha or court sa bhag gya tha.nabi pak p.b.u.h allah ka akhri nabi han or on ka bad koi nabi nahi ae ga.ya ak haqeqat ha jo quran ma bhi ha.or 1947 ma pak islam ka name par bana tha."", ""ahmdi is a non muslim biggest cheap religion ahmdi.""]",0.7,0.9,1.15,60
87,2,Religious Hate,imran qadyani yahoodi agent hy pti ki 18 bank account hy jis may qadyani yahoodi hondo ney funding ki hy. gold smith jimaima aneel musrst,201087,205087,v3_original_demo_boundary_prompt,4-shot random authentic same-class,Shortlisted authentic RUHSOLD Religious Hate examples,"[""imran qadyani yahoodi agent hy pti ki 18 bank account hy jis may qadyani yahoodi hondo ny funding ki hy . gold smith jimaima aneel musrst . atif miaan sub qadyani yahoodi hy"", ""bosdk yeh tumhare ghar me hota hai. saari k blouse me mote mote doodh dikhati firti hain tumhare dharam ki orate or hindu orat ko musalman ka l#nd aachaa lagta hai. yeh baat puri dunia janti hai"", ""gau mutr peeyo tum log lodu awkat bna phir aake muh lag, randwa saala"", ""abe halala ki paidaish..  tumhara to wajood hi 800 years purana hai..  jab bhagwan ram ko kagaj dikhane ki jarurat par gayi to tum kaun ho.. kagaj to dikhana hi parega.. #nrc_caa_npr""]",0.7,0.9,1.15,60
88,2,Religious Hate,haramkhor muslims,201088,205088,v3_original_demo_boundary_prompt,4-shot random authentic same-class,Shortlisted authentic RUHSOLD Religious Hate examples,"[""no no ...... hindu na kah mujhe ........islam bura maan jayega .......kaafir kah kaafir..."", ""chhor bhen chod hrami hindu chhor esko😠😠😠"", ""in beghairto israel yahodi khanzeer kai bacho nai kia kuch nahen kia hain lekhin alhamdulillah islam wahid deen jo mohabbat sikhati hain nakai nafrat aur ye sab sai tezi sai phelta huwa deen hain is liye inko jalan ho rahi hain aur har koshish kar bhe chukai hain aur kar bhe"", ""lanat abbtknews k khilaf trend bnane walye yazeedion pe r bibi k dushmano p bhi""]",0.7,0.9,1.15,60
89,2,Religious Hate,aao ab teri baji ko lekar apne tattiyan ki tarah chudwaon ga,201089,205089,v3_original_demo_boundary_prompt,4-shot random authentic same-class,Shortlisted authentic RUHSOLD Religious Hate examples,"[""#khuda ki qasam agar mey hota tu zinda nahe bach sakta ta muj sey ye beghairat kafir yahoodi."", ""madarchod muslaman ki kaum madarchod saalo ka imaan nahi hai bheno ko chod te hai bhen ke lode harmazaade uskiye apni  maa ki chut bhi chodta hoga aur chuswata hoga logo se saare musalamaan raand ki olad islam ki maa ki chut"", ""yahoodi kabhi hamara dost nhi ho sakta"", ""kisi randi maa ki olad ap ki hindu aurtain jab pooja karti hn tab wo bagwan ka lund mounh me b leti hn?""]",0.7,0.9,1.15,60
90,2,Religious Hate,ye qabristan ke naye saale musalman hai.,201090,205090,v3_original_demo_boundary_prompt,4-shot random authentic same-class,Shortlisted authentic RUHSOLD Religious Hate examples,"[""bosdk yeh tumhare ghar me hota hai. saari k blouse me mote mote doodh dikhati firti hain tumhare dharam ki orate or hindu orat ko musalman ka l#nd aachaa lagta hai. yeh baat puri dunia janti hai"", ""oy ahmdi kuty. tum log smjhty ho k is trah kr k hm awam ko pagl bnao gy?? beta bajwa ne tere jeso ko nanga nachana he sbr kr. kahi ni ja rha hmara army chief. tum logo ne agly 3 sal me ye duniya hi chor jani bajwa k dar se. ye army chief nahi pakistan ka muhafiz he."", ""kitane maulviyon ne tumhari ammi jaan ka halala kiya hoga tab jakar tum jaisa suar nikla hoga .. ye bhi to bta re mulle.."", ""path of cruelty , path of violence, path of halala , path of tripe talaq, path of marrying 6 years old aisha,path to discipline their wives by beating them,path of hurun,path of apostasy,path of punishable apostasy, path of beheading. what a pissful religion izlam is ðÿ‘""]",0.7,0.9,1.15,60
91,2,Religious Hate,pata nai abhi tak tere jism kya maal hai apne ghar mein,201091,205091,v3_original_demo_boundary_prompt,4-shot random authentic same-class,Shortlisted authentic RUHSOLD Religious Hate examples,"[""kafir yahodi kafir hindo same thinking"", ""meri tarbiyat yehi hai k jo amreca ko apna baap manta hai na wo muslman hai or na us s koi hanra taloq hai tum nasl e yazeedi ho masl e yahodi or yahoodio ki olad ho"", ""tum log yahoodi ho kisi ko shuck nahi hona chaheye bus kafi hogae musalmanon ko aur dhoka na dou👹"", ""qadiani ahmedi mirziee kaafir jo hen""]",0.7,0.9,1.15,60
92,2,Religious Hate,haan bharwe teri amma ka gand me gand me gaand marunga tu yaha ja k jo tujhe pata nahi kaise dikhane walon ke pas paisa hai tu wo bhi bahar jao,201092,205092,v3_original_demo_boundary_prompt,4-shot random authentic same-class,Shortlisted authentic RUHSOLD Religious Hate examples,"[""kisi randi maa ki olad ap ki hindu aurtain jab pooja karti hn tab wo bagwan ka lund mounh me b leti hn?"", ""halala ki padayish ho aap aur kya expect karenge hum aapse"", ""pta nhi kon si uni se graduate hote ho aap log jnha aesi wahiyat education di jati hðÿ˜‚ðÿ˜‚ðÿ˜‚ halala, gazwa-e-hind, camel urine or pta nhi kya kyaðÿ˜‚ðÿ˜‚ðÿ˜‚ðÿ¤£ðÿ¤£ðÿ¤£ðÿ¤£ðÿ‘ðÿ»"", ""is cult  mein kisi boht hi pyare ko kho dene k baad uski qaber pe phool rakhna b jurm hai west mein qaberisat se phool chura k un ko sale kr k ahmdi chanda dia karte hain takey ragister se naam na kut jaye""]",0.7,0.9,1.15,60
93,2,Religious Hate,woh to baat karta tha na kehna chahte han ye sab muslims hein,201093,205093,v3_original_demo_boundary_prompt,4-shot random authentic same-class,Shortlisted authentic RUHSOLD Religious Hate examples,"[""how did an ahmadiya get to the top in the army of sunnis, in the first place?"", ""ye manhoos hinduon ki diwali k chakkar mai har jaga ki aur quality kharab hogai, bharwe"", ""wise halala ki paidaish tumse yhi ummid ki ja sakti hai madarsa chhhap suarðÿ˜‚ðÿ¤£ðÿ¤£ðÿ¤£ðÿ¤£"", ""yahoodi kabhi hamara dost nhi ho sakta""]",0.7,0.9,1.15,60
94,2,Religious Hate,aap ko samajhta hy ki yahoodi agent kashmir frosh khanzeer muslims ko iska ghar dikhana hein???,201094,205094,v3_original_demo_boundary_prompt,4-shot random authentic same-class,Shortlisted authentic RUHSOLD Religious Hate examples,"[""chal fosdi ke mohammad kabile wale ki halala ki aulad"", ""another endian hijra coward hindu terrorist army soldier dispatched to shamshangarh by pakistan army i want more endian hindu terrorist dead so keep it up pakistan"", ""huh wut you say u imbecile, i shat on you...toh toh toh kaafir"", ""in beghairto israel yahodi khanzeer kai bacho nai kia kuch nahen kia hain lekhin alhamdulillah islam wahid deen jo mohabbat sikhati hain nakai nafrat aur ye sab sai tezi sai phelta huwa deen hain is liye inko jalan ho rahi hain aur har koshish kar bhe chukai hain aur kar bhe""]",0.7,0.9,1.15,60
95,2,Religious Hate,gandu yahodi,201095,205095,v3_original_demo_boundary_prompt,4-shot random authentic same-class,Shortlisted authentic RUHSOLD Religious Hate examples,"[""pehle america jaiga ue begairaat musliman kehlwane kai laiq nh pehle he logh kehty h eske bary me ye yahoodi hai"", ""shia kaafir hai aur hum naam k musalmaan."", ""m firqa wariyat m nahi parhna chahta, muslims mjo ahktlaf hen wo apni jaga , lekin pichly 200 saal sy muslim is liye mar kha rhy hen k sunni shia wahabi dayobandi bla bla ,,yahodi or nasara ny na koi sunni mulk chora ha na koi shia,  wo bs yehi dekhtay ye muslman ha ..bs maro isk"", ""q teri bhen ko chuda hy dewbandion ny ..harami ki nasal""]",0.7,0.9,1.15,60
96,2,Religious Hate,yeh qadyani hain aur ye yahodi agent hain,201096,205096,v3_original_demo_boundary_prompt,4-shot random authentic same-class,Shortlisted authentic RUHSOLD Religious Hate examples,"[""obviously we muslims hate ahmedi's . 😡 we don't care whatever happens to them ! we just hate them. if their is oppression over other minorities in pakistan which is not usual alhamdolillah, then i condemn that."", ""typical muslim randi-rona taqia."", ""tum vahi karo jo aata hai ,namaz or bakri chudai"", ""abbey halala ki paidaish, 5 baap ki aulaad. patthar baazi ke alawa kuchh kaam kara kabhi teri kaum ne ?""]",0.7,0.9,1.15,60
97,2,Religious Hate,shukriya. islam k naam pe aise logon ki kamiyabeeat hai jinke saath yahoodi agent aur hindu sabit ho,201097,205097,v3_original_demo_boundary_prompt,4-shot random authentic same-class,Shortlisted authentic RUHSOLD Religious Hate examples,"[""benchod randi  islam"", ""how did an ahmadiya get to the top in the army of sunnis, in the first place?"", ""hey are fighting amongst each other. #bajwa is compromise candidate. thats only reason why he a ahmadiya is a coas."", ""abe jaana mullle sale bhikari !! halala k maje krwa apni maa ko""]",0.7,0.9,1.15,60
98,2,Religious Hate,"abey saaley gand maro bhenchod, tera jism meri marzi hai tu bhi samjta hai",201098,205098,v3_original_demo_boundary_prompt,4-shot random authentic same-class,Shortlisted authentic RUHSOLD Religious Hate examples,"[""bilkul,itny lecture milny hain jese christmas or new year pe milty hain ,kya apko pata bhi hai k kaafir janwaro k haqq main dua bhi nahi krni chahye"", ""teri maa ka halala kra rha tha koi problem madarjat bhosdike mulle"", ""jisko bhi hindu ki chudai par shak hai to ek baar mujh se chudwa kar dekho sab bhram dur ho jayega"", ""kadiyani kafir thay hain aur hamesha harain gay. ye dajjali fitnay ki ek kari hain. aur inkay supporters hum main bhe jo chupay howay hain wo bhe khanzeer kafir he hain. lannat beshomar kadiyanio pr.""]",0.7,0.9,1.15,60
99,2,Religious Hate,yeh yahoodi agent hai ye imrani gandu aur ye saali hai,201099,205099,v3_original_demo_boundary_prompt,4-shot random authentic same-class,Shortlisted authentic RUHSOLD Religious Hate examples,"[""aor hamary hkmran in k sath mily huy en ....yahudi aor hindun hmary sb sy bry dushman en"", ""haha jaat dikha di bsdk antankbadi halala ki aulaad teri ammi ka halala hua tha phir to randi ke bacheðÿ¤£ðÿ¤£ðÿ˜…"", ""another endian hijra coward hindu terrorist army soldier dispatched to shamshangarh by pakistan army i want more endian hindu terrorist dead so keep it up pakistan"", ""is cult  mein kisi boht hi pyare ko kho dene k baad uski qaber pe phool rakhna b jurm hai west mein qaberisat se phool chura k un ko sale kr k ahmdi chanda dia karte hain takey ragister se naam na kut jaye""]",0.7,0.9,1.15,60
