sample_index,class_id,target_label,generation_seed,demonstration_seed,prompt_version,prompting_strategy,demonstration_source,demonstration_pool_size,demo_1,demo_2,demo_3,demo_4,generated_text
0,3,Sexism,301000,305000,v3_original_demo_boundary_prompt,4-shot random authentic same-class,Shortlisted authentic RUHSOLD Sexism examples,40,"yeh wesy koi bht e zyda ounchi nasal ki randi niqli h wesy , mtlb i can't even imagine koi bughaz or paisy k pechay itna b girr skta h, nehayat e nichly darjay ki baighairat aurat ho, aurat zaat ko b badnaam kea h isny apny wajood sy !! akhh thooo iski zaat pay",tum jesi ghatia aurat ka kam hi ni hai media par.kisi kothhay pe ja aur ulta late ja ke.begherat,aisi or kis kis ki lund par uchel uchel kar moja lati ghar me.,acha tareka dhondha hai larkun ko ganda sabit karny ka but aesi neech harkat larkyan he kar sakti hain larky nahi.,abe randi maa chod
1,3,Sexism,301001,305001,v3_original_demo_boundary_prompt,4-shot random authentic same-class,Shortlisted authentic RUHSOLD Sexism examples,40,shazaib apni baji ko b bejna han aurat march ma agr itne he zruri hai to,phir larky beard ky bagiar khusray q lgty hain  wo bhi beard ky bagiar khubsurat lgny chahiye ?,transgander   madarchood   hijra tu aik bara khoota ha  haram zada,#stopauratbarbadimarch who are you for arguing our tradition and islamic manners you bluddy 2 takay ki aurat   .,ghar jaao kya randi rona kr rha ho
2,3,Sexism,301002,305002,v3_original_demo_boundary_prompt,4-shot random authentic same-class,Shortlisted authentic RUHSOLD Sexism examples,40,tu kyun ro rahe hai hijra? tera buddhe hijra to kamjor mard hai. uska kara nehi hota. 🤣🤣🤣🤣,aaaahhhhhh bhenchod.....jese tere is mangalsutra ki sahi jagah tere gale me nai balki mere mote kaale lund pr he.... vese hi tujh jesi chudakkad kuttiya ki jagah kewal mere pairo k niche he saali.... chal inbox me aa.....,70 saal ka mard is better than a 30 year old hijra😅,jahiliyat ki v had hai ye apne ghar me slave ki tarh rahti hai aur bahar kutto jaise bhaunk rhi hai... shame on these ladies,jis din teri maa baap ko nahi bol sakte hue wo sabse badi der ho jaati hai
3,3,Sexism,301003,305003,v3_original_demo_boundary_prompt,4-shot random authentic same-class,Shortlisted authentic RUHSOLD Sexism examples,40,#auratmarch2020 mera jism allah ki marzi.. allah ka to hukam ha tum char dewari me raho .. nd ya nikl k apni nimaish karna chahten,jin ko hizab se nafrat he wo nangi ho k ghoome koi in pe thooke ga bhi nahi  aurat khoobsurat pure libas me lagti he mawazna karlen,aisi or kis kis ki lund par uchel uchel kar moja lati ghar me.,#stopauratbarbadimarch who are you for arguing our tradition and islamic manners you bluddy 2 takay ki aurat   .,abey sasti randi...
4,3,Sexism,301004,305004,v3_original_demo_boundary_prompt,4-shot random authentic same-class,Shortlisted authentic RUHSOLD Sexism examples,40,aisi or kis kis ki lund par uchel uchel kar moja lati ghar me.,mard muhbt kr bhi ly tu aksar aurat he dhoka dy jati h usy 💔,r mazy k bat mra jism wo auratn krti hn jin pr thokta bh koi nae.,aur jesi ghatia aurat ke mun se ye bat achi ni lagti. logon ko garam karnay wali machine.,tu hijra ho bhenchod
5,3,Sexism,301005,305005,v3_original_demo_boundary_prompt,4-shot random authentic same-class,Shortlisted authentic RUHSOLD Sexism examples,40,"apko kehna chahye tha na mard hoon, na aurat hoo. main hijra hoon main hijra hoon, main parchi hoon, main defected hoon, main accidental chairman hoon.  #joker420",dhoka khane k baad oska aitbar uth jata haa sbsee or dosre mard mai b interest ni rehta...ku k aurat jism k ley ni chahti jbk mard jism k ley chahta😌🙂,"madum ap gharailo maon behno ki terha na blkeh on maon behno ki terha bhi nahi jo moaashrat main ghar sy bahir nikal ker apni , maan baap ki .belky pory moaashry ki izzat ka kgayal rekhti hain .ap oss catogary main ati hain .jisy rundi,jisy tawaif,fahasha, jisy badqar kehty hain",ap ko mard banny ki acting pasand i? agr ni to hijra hi bany rahye sir ye mardo k kam hn hijro k ni.,tum to phir kuch soch liya tha 🤣😂
6,3,Sexism,301006,305006,v3_original_demo_boundary_prompt,4-shot random authentic same-class,Shortlisted authentic RUHSOLD Sexism examples,40,teri chut me sabhi bhaiyo ka lund reply de randi,"madum ap gharailo maon behno ki terha na blkeh on maon behno ki terha bhi nahi jo moaashrat main ghar sy bahir nikal ker apni , maan baap ki .belky pory moaashry ki izzat ka kgayal rekhti hain .ap oss catogary main ati hain .jisy rundi,jisy tawaif,fahasha, jisy badqar kehty hain",phir larky beard ky bagiar khusray q lgty hain  wo bhi beard ky bagiar khubsurat lgny chahiye ?,we are supporting #islam and thank you #khalilurrahmanqamar for your beautiful comments against #gashti .  agar ye #aurat hoti to na me aesi zuban use krta aur na koi gairatmand #admi use krta.,mn apko lagti hu tu randi ho
7,3,Sexism,301007,305007,v3_original_demo_boundary_prompt,4-shot random authentic same-class,Shortlisted authentic RUHSOLD Sexism examples,40,#auratmarch2020 mera jism allah ki marzi.. allah ka to hukam ha tum char dewari me raho .. nd ya nikl k apni nimaish karna chahten,muslim countries ki leaderships na mard napunsak or hijra hain.. in mein koi dum nahi.. ye kuch nahi kr sakty.. jinnah ki rooh tarapti hogi.. jinnah ne kashmir par attack ka order diya tha..,aaaahhhhhh bhenchod.....jese tere is mangalsutra ki sahi jagah tere gale me nai balki mere mote kaale lund pr he.... vese hi tujh jesi chudakkad kuttiya ki jagah kewal mere pairo k niche he saali.... chal inbox me aa.....,your leader  is hijra that's why he is not living with his wife.,"abe randi kutiye , ek number se akela jaake tu yahan se nikal le..."
8,3,Sexism,301008,305008,v3_original_demo_boundary_prompt,4-shot random authentic same-class,Shortlisted authentic RUHSOLD Sexism examples,40,aur jesi ghatia aurat ke mun se ye bat achi ni lagti. logon ko garam karnay wali machine.,"aurat ko islam nai galat lagta, ap log lagtay ho jo ye boltay hain k agar aurat ka rape hua to wo uski galtie usne sar par dupatta nai kiya us banday ki nahi wo bechara kesay control karay","yeh wesy koi bht e zyda ounchi nasal ki randi niqli h wesy , mtlb i can't even imagine koi bughaz or paisy k pechay itna b girr skta h, nehayat e nichly darjay ki baighairat aurat ho, aurat zaat ko b badnaam kea h isny apny wajood sy !! akhh thooo iski zaat pay",lalchi aurat paisa dekhti hai aur khandani aurat sirf sehrat dekhti hai,"abe hijra, kis chutiye bol raha hai"
9,3,Sexism,301009,305009,v3_original_demo_boundary_prompt,4-shot random authentic same-class,Shortlisted authentic RUHSOLD Sexism examples,40,ek randi larki ko itni pazeerai di hai. smjh se bahir hai,we are supporting #islam and thank you #khalilurrahmanqamar for your beautiful comments against #gashti .  agar ye #aurat hoti to na me aesi zuban use krta aur na koi gairatmand #admi use krta.,"apko kehna chahye tha na mard hoon, na aurat hoo. main hijra hoon main hijra hoon, main parchi hoon, main defected hoon, main accidental chairman hoon.  #joker420",your leader  is hijra that's why he is not living with his wife.,abhi tak kabhi nahin kiya tha apne baap ne tere maa ka jismo ko uski marzi ko dikhaaya hai
10,3,Sexism,301010,305010,v3_original_demo_boundary_prompt,4-shot random authentic same-class,Shortlisted authentic RUHSOLD Sexism examples,40,ap ko mard banny ki acting pasand i? agr ni to hijra hi bany rahye sir ye mardo k kam hn hijro k ni.,we are supporting #islam and thank you #khalilurrahmanqamar for your beautiful comments against #gashti .  agar ye #aurat hoti to na me aesi zuban use krta aur na koi gairatmand #admi use krta.,teri bhosdi or boobs me parda mat kar...logo ko dekne de.dhake hoge to kaise pata chalega ki tu hijra nehi hai.   hijra kahi ki.,aisi or kis kis ki lund par uchel uchel kar moja lati ghar me.,tumhari behno k lode mein tera jism tumara haq nahi
11,3,Sexism,301011,305011,v3_original_demo_boundary_prompt,4-shot random authentic same-class,Shortlisted authentic RUHSOLD Sexism examples,40,ek randi larki ko itni pazeerai di hai. smjh se bahir hai,roads pe lab coat b ap ki gender hi pehnti ha 😂,"yeh wesy koi bht e zyda ounchi nasal ki randi niqli h wesy , mtlb i can't even imagine koi bughaz or paisy k pechay itna b girr skta h, nehayat e nichly darjay ki baighairat aurat ho, aurat zaat ko b badnaam kea h isny apny wajood sy !! akhh thooo iski zaat pay",your leader  is hijra that's why he is not living with his wife.,teri ma ka yaar jis ny tu kaha
12,3,Sexism,301012,305012,v3_original_demo_boundary_prompt,4-shot random authentic same-class,Shortlisted authentic RUHSOLD Sexism examples,40,original attitude boys ma hota ha aur fake girls ma,phir larky beard ky bagiar khusray q lgty hain  wo bhi beard ky bagiar khubsurat lgny chahiye ?,"aurat ko islam nai galat lagta, ap log lagtay ho jo ye boltay hain k agar aurat ka rape hua to wo uski galtie usne sar par dupatta nai kiya us banday ki nahi wo bechara kesay control karay",bilo rani tumhari pehchan sirf or sirf hijra huna hai.. na mard,tu bc jesi randi kisi khota ko paida karke hi jata tha
13,3,Sexism,301013,305013,v3_original_demo_boundary_prompt,4-shot random authentic same-class,Shortlisted authentic RUHSOLD Sexism examples,40,ap ko mard banny ki acting pasand i? agr ni to hijra hi bany rahye sir ye mardo k kam hn hijro k ni.,bilo rani tumhari pehchan sirf or sirf hijra huna hai.. na mard,"yeh wesy koi bht e zyda ounchi nasal ki randi niqli h wesy , mtlb i can't even imagine koi bughaz or paisy k pechay itna b girr skta h, nehayat e nichly darjay ki baighairat aurat ho, aurat zaat ko b badnaam kea h isny apny wajood sy !! akhh thooo iski zaat pay",teri bhosdi or boobs me parda mat kar...logo ko dekne de.dhake hoge to kaise pata chalega ki tu hijra nehi hai.   hijra kahi ki.,wo bikau na aun ga is ka jasus ha.😂
14,3,Sexism,301014,305014,v3_original_demo_boundary_prompt,4-shot random authentic same-class,Shortlisted authentic RUHSOLD Sexism examples,40,teri chut me sabhi bhaiyo ka lund reply de randi,phir larky beard ky bagiar khusray q lgty hain  wo bhi beard ky bagiar khubsurat lgny chahiye ?,jahiliyat ki v had hai ye apne ghar me slave ki tarh rahti hai aur bahar kutto jaise bhaunk rhi hai... shame on these ladies,tum jesi ghatia aurat ka kam hi ni hai media par.kisi kothhay pe ja aur ulta late ja ke.begherat,ab tera gandu behn ke sath lagti hai na 😂😂
15,3,Sexism,301015,305015,v3_original_demo_boundary_prompt,4-shot random authentic same-class,Shortlisted authentic RUHSOLD Sexism examples,40,jin ko hizab se nafrat he wo nangi ho k ghoome koi in pe thooke ga bhi nahi  aurat khoobsurat pure libas me lagti he mawazna karlen,agar aaj se 40 saal pehley isi tarha ke banner pakarh kar mera jism meri marzi waala naara aapki amma ne maara hota to aap is duniya main ye tweet karney ke liye maujood hi na hoteen 😑😑😑,tum jesi ghatia aurat ka kam hi ni hai media par.kisi kothhay pe ja aur ulta late ja ke.begherat,teri bhosdi or boobs me parda mat kar...logo ko dekne de.dhake hoge to kaise pata chalega ki tu hijra nehi hai.   hijra kahi ki.,apni behno ko dekh kar apne dimag me randi rona launda hoga..
16,3,Sexism,301016,305016,v3_original_demo_boundary_prompt,4-shot random authentic same-class,Shortlisted authentic RUHSOLD Sexism examples,40,apni behn ko bhejo gay na aurat march me??,roads pe lab coat b ap ki gender hi pehnti ha 😂,teri bhosdi or boobs me parda mat kar...logo ko dekne de.dhake hoge to kaise pata chalega ki tu hijra nehi hai.   hijra kahi ki.,bilo rani tumhari pehchan sirf or sirf hijra huna hai.. na mard,tm khusray ho or apni jaldi nikalain
17,3,Sexism,301017,305017,v3_original_demo_boundary_prompt,4-shot random authentic same-class,Shortlisted authentic RUHSOLD Sexism examples,40,bilo rani tumhari pehchan sirf or sirf hijra huna hai.. na mard,aaaahhhhhh bhenchod.....jese tere is mangalsutra ki sahi jagah tere gale me nai balki mere mote kaale lund pr he.... vese hi tujh jesi chudakkad kuttiya ki jagah kewal mere pairo k niche he saali.... chal inbox me aa.....,lalchi aurat paisa dekhti hai aur khandani aurat sirf sehrat dekhti hai,dhoka khane k baad oska aitbar uth jata haa sbsee or dosre mard mai b interest ni rehta...ku k aurat jism k ley ni chahti jbk mard jism k ley chahta😌🙂,bolo bholi randdi kaise hai
18,3,Sexism,301018,305018,v3_original_demo_boundary_prompt,4-shot random authentic same-class,Shortlisted authentic RUHSOLD Sexism examples,40,#stopauratbarbadimarch aurat ghr k andr hi achi lgti he yu sarkon par nikalna kisi bhi aurat ki izzat par daag lga skta he,jahiliyat ki v had hai ye apne ghar me slave ki tarh rahti hai aur bahar kutto jaise bhaunk rhi hai... shame on these ladies,agar aaj se 40 saal pehley isi tarha ke banner pakarh kar mera jism meri marzi waala naara aapki amma ne maara hota to aap is duniya main ye tweet karney ke liye maujood hi na hoteen 😑😑😑,we are supporting #islam and thank you #khalilurrahmanqamar for your beautiful comments against #gashti .  agar ye #aurat hoti to na me aesi zuban use krta aur na koi gairatmand #admi use krta.,teri maa ka yaar hae tu randi
19,3,Sexism,301019,305019,v3_original_demo_boundary_prompt,4-shot random authentic same-class,Shortlisted authentic RUHSOLD Sexism examples,40,muslim countries ki leaderships na mard napunsak or hijra hain.. in mein koi dum nahi.. ye kuch nahi kr sakty.. jinnah ki rooh tarapti hogi.. jinnah ne kashmir par attack ka order diya tha..,teri chut me sabhi bhaiyo ka lund reply de randi,#stopauratbarbadimarch who are you for arguing our tradition and islamic manners you bluddy 2 takay ki aurat   .,roads pe lab coat b ap ki gender hi pehnti ha 😂,"rt : #auratmarch is only about ""sex"" it's not about ""gender"", if there were any men then there would have been no march."
20,3,Sexism,301020,305020,v3_original_demo_boundary_prompt,4-shot random authentic same-class,Shortlisted authentic RUHSOLD Sexism examples,40,bc ghar wale bhi soch rahe honge yeh kya system paida ho gya sala lagta programing galat ho gayi.... sabsi badi confusion iske liye ladka dhundheyge yaa ladki😉,teri bhosdi or boobs me parda mat kar...logo ko dekne de.dhake hoge to kaise pata chalega ki tu hijra nehi hai.   hijra kahi ki.,mard muhbt kr bhi ly tu aksar aurat he dhoka dy jati h usy 💔,roads pe lab coat b ap ki gender hi pehnti ha 😂,kabhi kisi randi ke saath rakhna chahte ho ya nahi kya
21,3,Sexism,301021,305021,v3_original_demo_boundary_prompt,4-shot random authentic same-class,Shortlisted authentic RUHSOLD Sexism examples,40,shazaib apni baji ko b bejna han aurat march ma agr itne he zruri hai to,bc ghar wale bhi soch rahe honge yeh kya system paida ho gya sala lagta programing galat ho gayi.... sabsi badi confusion iske liye ladka dhundheyge yaa ladki😉,70 saal ka mard is better than a 30 year old hijra😅,aur jesi ghatia aurat ke mun se ye bat achi ni lagti. logon ko garam karnay wali machine.,randi rona ki baatein pehle hi samny hoti hain
22,3,Sexism,301022,305022,v3_original_demo_boundary_prompt,4-shot random authentic same-class,Shortlisted authentic RUHSOLD Sexism examples,40,apni behn ko bhejo gay na aurat march me??,phir larky beard ky bagiar khusray q lgty hain  wo bhi beard ky bagiar khubsurat lgny chahiye ?,tum jesi ghatia aurat ka kam hi ni hai media par.kisi kothhay pe ja aur ulta late ja ke.begherat,aaaahhhhhh bhenchod.....jese tere is mangalsutra ki sahi jagah tere gale me nai balki mere mote kaale lund pr he.... vese hi tujh jesi chudakkad kuttiya ki jagah kewal mere pairo k niche he saali.... chal inbox me aa.....,haan ye jo tu harami hy woh tu nikala hota tha
23,3,Sexism,301023,305023,v3_original_demo_boundary_prompt,4-shot random authentic same-class,Shortlisted authentic RUHSOLD Sexism examples,40,teri bhosdi or boobs me parda mat kar...logo ko dekne de.dhake hoge to kaise pata chalega ki tu hijra nehi hai.   hijra kahi ki.,phir larky beard ky bagiar khusray q lgty hain  wo bhi beard ky bagiar khubsurat lgny chahiye ?,we are supporting #islam and thank you #khalilurrahmanqamar for your beautiful comments against #gashti .  agar ye #aurat hoti to na me aesi zuban use krta aur na koi gairatmand #admi use krta.,muslim countries ki leaderships na mard napunsak or hijra hain.. in mein koi dum nahi.. ye kuch nahi kr sakty.. jinnah ki rooh tarapti hogi.. jinnah ne kashmir par attack ka order diya tha..,mujhe lag raha ha apny najaiz khanzeer sharam ki waja se paisay laane k liye ho
24,3,Sexism,301024,305024,v3_original_demo_boundary_prompt,4-shot random authentic same-class,Shortlisted authentic RUHSOLD Sexism examples,40,tu kyun ro rahe hai hijra? tera buddhe hijra to kamjor mard hai. uska kara nehi hota. 🤣🤣🤣🤣,we are supporting #islam and thank you #khalilurrahmanqamar for your beautiful comments against #gashti .  agar ye #aurat hoti to na me aesi zuban use krta aur na koi gairatmand #admi use krta.,teri chut me sabhi bhaiyo ka lund reply de randi,aisi or kis kis ki lund par uchel uchel kar moja lati ghar me.,gashti aurat se bhool ja
25,3,Sexism,301025,305025,v3_original_demo_boundary_prompt,4-shot random authentic same-class,Shortlisted authentic RUHSOLD Sexism examples,40,acha tareka dhondha hai larkun ko ganda sabit karny ka but aesi neech harkat larkyan he kar sakti hain larky nahi.,your leader  is hijra that's why he is not living with his wife.,teri bhosdi or boobs me parda mat kar...logo ko dekne de.dhake hoge to kaise pata chalega ki tu hijra nehi hai.   hijra kahi ki.,"ab iska sara credit har anchor le rha h jb k  rape,  ki asal jad h hi media jo mera jism.meri marzi,  hareem.shah , qandeel bloch , valentine day pe program krty hn phr rape hi hn gy",kuttein ke baad saale larkiya
26,3,Sexism,301026,305026,v3_original_demo_boundary_prompt,4-shot random authentic same-class,Shortlisted authentic RUHSOLD Sexism examples,40,you are just girlfriend material no one wants wife like you. itna jism jo sirf admi apni bivi ka dekhta h  apka to sary jahan ne dekha h,#auratmarch2020 mera jism allah ki marzi.. allah ka to hukam ha tum char dewari me raho .. nd ya nikl k apni nimaish karna chahten,dhoka khane k baad oska aitbar uth jata haa sbsee or dosre mard mai b interest ni rehta...ku k aurat jism k ley ni chahti jbk mard jism k ley chahta😌🙂,aisi or kis kis ki lund par uchel uchel kar moja lati ghar me.,tu kya bc aisee chutiya hai na
27,3,Sexism,301027,305027,v3_original_demo_boundary_prompt,4-shot random authentic same-class,Shortlisted authentic RUHSOLD Sexism examples,40,"ab iska sara credit har anchor le rha h jb k  rape,  ki asal jad h hi media jo mera jism.meri marzi,  hareem.shah , qandeel bloch , valentine day pe program krty hn phr rape hi hn gy",roads pe lab coat b ap ki gender hi pehnti ha 😂,randi kise kahte ha aap hi bata do? ye word ghatiya women ke liye hi use karta ha ab deepika ghatiya ha to randi hi bolenge na,lalchi aurat paisa dekhti hai aur khandani aurat sirf sehrat dekhti hai,randi ke bachy bharwe
28,3,Sexism,301028,305028,v3_original_demo_boundary_prompt,4-shot random authentic same-class,Shortlisted authentic RUHSOLD Sexism examples,40,aur jesi ghatia aurat ke mun se ye bat achi ni lagti. logon ko garam karnay wali machine.,tum jesi ghatia aurat ka kam hi ni hai media par.kisi kothhay pe ja aur ulta late ja ke.begherat,dhoka khane k baad oska aitbar uth jata haa sbsee or dosre mard mai b interest ni rehta...ku k aurat jism k ley ni chahti jbk mard jism k ley chahta😌🙂,shazaib apni baji ko b bejna han aurat march ma agr itne he zruri hai to,"abe tu tere baap ne jo teri amma ke chut mein nikla tha uske baare mein sach bol raha hai na, saale randi ki nasal"
29,3,Sexism,301029,305029,v3_original_demo_boundary_prompt,4-shot random authentic same-class,Shortlisted authentic RUHSOLD Sexism examples,40,"apko kehna chahye tha na mard hoon, na aurat hoo. main hijra hoon main hijra hoon, main parchi hoon, main defected hoon, main accidental chairman hoon.  #joker420",aisi or kis kis ki lund par uchel uchel kar moja lati ghar me.,aur jesi ghatia aurat ke mun se ye bat achi ni lagti. logon ko garam karnay wali machine.,your leader  is hijra that's why he is not living with his wife.,sahi baat ha tu mard nahi ho aur hijra hai
30,3,Sexism,301030,305030,v3_original_demo_boundary_prompt,4-shot random authentic same-class,Shortlisted authentic RUHSOLD Sexism examples,40,original attitude boys ma hota ha aur fake girls ma,"madum ap gharailo maon behno ki terha na blkeh on maon behno ki terha bhi nahi jo moaashrat main ghar sy bahir nikal ker apni , maan baap ki .belky pory moaashry ki izzat ka kgayal rekhti hain .ap oss catogary main ati hain .jisy rundi,jisy tawaif,fahasha, jisy badqar kehty hain",tu kyun ro rahe hai hijra? tera buddhe hijra to kamjor mard hai. uska kara nehi hota. 🤣🤣🤣🤣,bilo rani tumhari pehchan sirf or sirf hijra huna hai.. na mard,hahaha hijra
31,3,Sexism,301031,305031,v3_original_demo_boundary_prompt,4-shot random authentic same-class,Shortlisted authentic RUHSOLD Sexism examples,40,phir larky beard ky bagiar khusray q lgty hain  wo bhi beard ky bagiar khubsurat lgny chahiye ?,mard muhbt kr bhi ly tu aksar aurat he dhoka dy jati h usy 💔,aisi or kis kis ki lund par uchel uchel kar moja lati ghar me.,transgander   madarchood   hijra tu aik bara khoota ha  haram zada,saali teri maa ka yaar mera abba tha.
32,3,Sexism,301032,305032,v3_original_demo_boundary_prompt,4-shot random authentic same-class,Shortlisted authentic RUHSOLD Sexism examples,40,acha tareka dhondha hai larkun ko ganda sabit karny ka but aesi neech harkat larkyan he kar sakti hain larky nahi.,ap ko mard banny ki acting pasand i? agr ni to hijra hi bany rahye sir ye mardo k kam hn hijro k ni.,bilo rani tumhari pehchan sirf or sirf hijra huna hai.. na mard,agar aaj se 40 saal pehley isi tarha ke banner pakarh kar mera jism meri marzi waala naara aapki amma ne maara hota to aap is duniya main ye tweet karney ke liye maujood hi na hoteen 😑😑😑,teri maa ki chut mein phudi tu bhi nikla tha
33,3,Sexism,301033,305033,v3_original_demo_boundary_prompt,4-shot random authentic same-class,Shortlisted authentic RUHSOLD Sexism examples,40,agar aaj se 40 saal pehley isi tarha ke banner pakarh kar mera jism meri marzi waala naara aapki amma ne maara hota to aap is duniya main ye tweet karney ke liye maujood hi na hoteen 😑😑😑,ek randi larki ko itni pazeerai di hai. smjh se bahir hai,phir larky beard ky bagiar khusray q lgty hain  wo bhi beard ky bagiar khubsurat lgny chahiye ?,your leader  is hijra that's why he is not living with his wife.,phir teri ma ki chut mein kuttay baitha ho tu kia baat karke?
34,3,Sexism,301034,305034,v3_original_demo_boundary_prompt,4-shot random authentic same-class,Shortlisted authentic RUHSOLD Sexism examples,40,#stopauratbarbadimarch who are you for arguing our tradition and islamic manners you bluddy 2 takay ki aurat   .,#auratmarch2020 mera jism allah ki marzi.. allah ka to hukam ha tum char dewari me raho .. nd ya nikl k apni nimaish karna chahten,"madum ap gharailo maon behno ki terha na blkeh on maon behno ki terha bhi nahi jo moaashrat main ghar sy bahir nikal ker apni , maan baap ki .belky pory moaashry ki izzat ka kgayal rekhti hain .ap oss catogary main ati hain .jisy rundi,jisy tawaif,fahasha, jisy badqar kehty hain",you are just girlfriend material no one wants wife like you. itna jism jo sirf admi apni bivi ka dekhta h  apka to sary jahan ne dekha h,bhenchod ap ny tu soch liya tha mujhy lga diya kia..
35,3,Sexism,301035,305035,v3_original_demo_boundary_prompt,4-shot random authentic same-class,Shortlisted authentic RUHSOLD Sexism examples,40,dhoka khane k baad oska aitbar uth jata haa sbsee or dosre mard mai b interest ni rehta...ku k aurat jism k ley ni chahti jbk mard jism k ley chahta😌🙂,bilo rani tumhari pehchan sirf or sirf hijra huna hai.. na mard,#stopauratbarbadimarch aurat ghr k andr hi achi lgti he yu sarkon par nikalna kisi bhi aurat ki izzat par daag lga skta he,tere jaise randiyo ki chudai ke liye to ham mard hain yaha pe,ye saali apne ama ko aas phela dekh rahi
36,3,Sexism,301036,305036,v3_original_demo_boundary_prompt,4-shot random authentic same-class,Shortlisted authentic RUHSOLD Sexism examples,40,original attitude boys ma hota ha aur fake girls ma,tere jaise randiyo ki chudai ke liye to ham mard hain yaha pe,mard muhbt kr bhi ly tu aksar aurat he dhoka dy jati h usy 💔,"madum ap gharailo maon behno ki terha na blkeh on maon behno ki terha bhi nahi jo moaashrat main ghar sy bahir nikal ker apni , maan baap ki .belky pory moaashry ki izzat ka kgayal rekhti hain .ap oss catogary main ati hain .jisy rundi,jisy tawaif,fahasha, jisy badqar kehty hain",teri choot maro... randi
37,3,Sexism,301037,305037,v3_original_demo_boundary_prompt,4-shot random authentic same-class,Shortlisted authentic RUHSOLD Sexism examples,40,"madum ap gharailo maon behno ki terha na blkeh on maon behno ki terha bhi nahi jo moaashrat main ghar sy bahir nikal ker apni , maan baap ki .belky pory moaashry ki izzat ka kgayal rekhti hain .ap oss catogary main ati hain .jisy rundi,jisy tawaif,fahasha, jisy badqar kehty hain",teri chut me sabhi bhaiyo ka lund reply de randi,#stopauratbarbadimarch aurat ghr k andr hi achi lgti he yu sarkon par nikalna kisi bhi aurat ki izzat par daag lga skta he,muslim countries ki leaderships na mard napunsak or hijra hain.. in mein koi dum nahi.. ye kuch nahi kr sakty.. jinnah ki rooh tarapti hogi.. jinnah ne kashmir par attack ka order diya tha..,teri ammi ki phudi ko bachcha bola
38,3,Sexism,301038,305038,v3_original_demo_boundary_prompt,4-shot random authentic same-class,Shortlisted authentic RUHSOLD Sexism examples,40,"yeh wesy koi bht e zyda ounchi nasal ki randi niqli h wesy , mtlb i can't even imagine koi bughaz or paisy k pechay itna b girr skta h, nehayat e nichly darjay ki baighairat aurat ho, aurat zaat ko b badnaam kea h isny apny wajood sy !! akhh thooo iski zaat pay",apni behn ko bhejo gay na aurat march me??,we are supporting #islam and thank you #khalilurrahmanqamar for your beautiful comments against #gashti .  agar ye #aurat hoti to na me aesi zuban use krta aur na koi gairatmand #admi use krta.,jahiliyat ki v had hai ye apne ghar me slave ki tarh rahti hai aur bahar kutto jaise bhaunk rhi hai... shame on these ladies,tumhari maa chodu ga ye
39,3,Sexism,301039,305039,v3_original_demo_boundary_prompt,4-shot random authentic same-class,Shortlisted authentic RUHSOLD Sexism examples,40,phir larky beard ky bagiar khusray q lgty hain  wo bhi beard ky bagiar khubsurat lgny chahiye ?,muslim countries ki leaderships na mard napunsak or hijra hain.. in mein koi dum nahi.. ye kuch nahi kr sakty.. jinnah ki rooh tarapti hogi.. jinnah ne kashmir par attack ka order diya tha..,#stopauratbarbadimarch who are you for arguing our tradition and islamic manners you bluddy 2 takay ki aurat   .,teri bhosdi or boobs me parda mat kar...logo ko dekne de.dhake hoge to kaise pata chalega ki tu hijra nehi hai.   hijra kahi ki.,apna ghar jao bhenchod
40,3,Sexism,301040,305040,v3_original_demo_boundary_prompt,4-shot random authentic same-class,Shortlisted authentic RUHSOLD Sexism examples,40,muslim countries ki leaderships na mard napunsak or hijra hain.. in mein koi dum nahi.. ye kuch nahi kr sakty.. jinnah ki rooh tarapti hogi.. jinnah ne kashmir par attack ka order diya tha..,bilo rani tumhari pehchan sirf or sirf hijra huna hai.. na mard,ek randi larki ko itni pazeerai di hai. smjh se bahir hai,randi kise kahte ha aap hi bata do? ye word ghatiya women ke liye hi use karta ha ab deepika ghatiya ha to randi hi bolenge na,tera baap tha tu kutta hai.. tumhara baap tha tu kutta hai.. teri maa chod gayi thi...
41,3,Sexism,301041,305041,v3_original_demo_boundary_prompt,4-shot random authentic same-class,Shortlisted authentic RUHSOLD Sexism examples,40,70 saal ka mard is better than a 30 year old hijra😅,"madum ap gharailo maon behno ki terha na blkeh on maon behno ki terha bhi nahi jo moaashrat main ghar sy bahir nikal ker apni , maan baap ki .belky pory moaashry ki izzat ka kgayal rekhti hain .ap oss catogary main ati hain .jisy rundi,jisy tawaif,fahasha, jisy badqar kehty hain",transgander   madarchood   hijra tu aik bara khoota ha  haram zada,"yeh wesy koi bht e zyda ounchi nasal ki randi niqli h wesy , mtlb i can't even imagine koi bughaz or paisy k pechay itna b girr skta h, nehayat e nichly darjay ki baighairat aurat ho, aurat zaat ko b badnaam kea h isny apny wajood sy !! akhh thooo iski zaat pay","abey randi, charsi"
42,3,Sexism,301042,305042,v3_original_demo_boundary_prompt,4-shot random authentic same-class,Shortlisted authentic RUHSOLD Sexism examples,40,roads pe lab coat b ap ki gender hi pehnti ha 😂,bilo rani tumhari pehchan sirf or sirf hijra huna hai.. na mard,aaaahhhhhh bhenchod.....jese tere is mangalsutra ki sahi jagah tere gale me nai balki mere mote kaale lund pr he.... vese hi tujh jesi chudakkad kuttiya ki jagah kewal mere pairo k niche he saali.... chal inbox me aa.....,phir larky beard ky bagiar khusray q lgty hain  wo bhi beard ky bagiar khubsurat lgny chahiye ?,isko lagta hai ke yeh kisi bachay ka yaar hai
43,3,Sexism,301043,305043,v3_original_demo_boundary_prompt,4-shot random authentic same-class,Shortlisted authentic RUHSOLD Sexism examples,40,ek randi larki ko itni pazeerai di hai. smjh se bahir hai,r mazy k bat mra jism wo auratn krti hn jin pr thokta bh koi nae.,acha tareka dhondha hai larkun ko ganda sabit karny ka but aesi neech harkat larkyan he kar sakti hain larky nahi.,"madum ap gharailo maon behno ki terha na blkeh on maon behno ki terha bhi nahi jo moaashrat main ghar sy bahir nikal ker apni , maan baap ki .belky pory moaashry ki izzat ka kgayal rekhti hain .ap oss catogary main ati hain .jisy rundi,jisy tawaif,fahasha, jisy badqar kehty hain",i am a hijra
44,3,Sexism,301044,305044,v3_original_demo_boundary_prompt,4-shot random authentic same-class,Shortlisted authentic RUHSOLD Sexism examples,40,tum jesi ghatia aurat ka kam hi ni hai media par.kisi kothhay pe ja aur ulta late ja ke.begherat,tu kyun ro rahe hai hijra? tera buddhe hijra to kamjor mard hai. uska kara nehi hota. 🤣🤣🤣🤣,randi kise kahte ha aap hi bata do? ye word ghatiya women ke liye hi use karta ha ab deepika ghatiya ha to randi hi bolenge na,original attitude boys ma hota ha aur fake girls ma,tm sab chutiye ho bc
45,3,Sexism,301045,305045,v3_original_demo_boundary_prompt,4-shot random authentic same-class,Shortlisted authentic RUHSOLD Sexism examples,40,aaaahhhhhh bhenchod.....jese tere is mangalsutra ki sahi jagah tere gale me nai balki mere mote kaale lund pr he.... vese hi tujh jesi chudakkad kuttiya ki jagah kewal mere pairo k niche he saali.... chal inbox me aa.....,mard muhbt kr bhi ly tu aksar aurat he dhoka dy jati h usy 💔,aur jesi ghatia aurat ke mun se ye bat achi ni lagti. logon ko garam karnay wali machine.,phir larky beard ky bagiar khusray q lgty hain  wo bhi beard ky bagiar khubsurat lgny chahiye ?,iski maa behn nae
46,3,Sexism,301046,305046,v3_original_demo_boundary_prompt,4-shot random authentic same-class,Shortlisted authentic RUHSOLD Sexism examples,40,#stopauratbarbadimarch aurat ghr k andr hi achi lgti he yu sarkon par nikalna kisi bhi aurat ki izzat par daag lga skta he,teri chut me sabhi bhaiyo ka lund reply de randi,roads pe lab coat b ap ki gender hi pehnti ha 😂,jin ko hizab se nafrat he wo nangi ho k ghoome koi in pe thooke ga bhi nahi  aurat khoobsurat pure libas me lagti he mawazna karlen,tu jaani hai aaj jaise baap ke bete uske baare me sharam hi nhi
47,3,Sexism,301047,305047,v3_original_demo_boundary_prompt,4-shot random authentic same-class,Shortlisted authentic RUHSOLD Sexism examples,40,acha tareka dhondha hai larkun ko ganda sabit karny ka but aesi neech harkat larkyan he kar sakti hain larky nahi.,"madum ap gharailo maon behno ki terha na blkeh on maon behno ki terha bhi nahi jo moaashrat main ghar sy bahir nikal ker apni , maan baap ki .belky pory moaashry ki izzat ka kgayal rekhti hain .ap oss catogary main ati hain .jisy rundi,jisy tawaif,fahasha, jisy badqar kehty hain",bilo rani tumhari pehchan sirf or sirf hijra huna hai.. na mard,bc ghar wale bhi soch rahe honge yeh kya system paida ho gya sala lagta programing galat ho gayi.... sabsi badi confusion iske liye ladka dhundheyge yaa ladki😉,rt : tere jaise hijrein kehte hain ye kya system paida hota hai?
48,3,Sexism,301048,305048,v3_original_demo_boundary_prompt,4-shot random authentic same-class,Shortlisted authentic RUHSOLD Sexism examples,40,jahiliyat ki v had hai ye apne ghar me slave ki tarh rahti hai aur bahar kutto jaise bhaunk rhi hai... shame on these ladies,tum jesi ghatia aurat ka kam hi ni hai media par.kisi kothhay pe ja aur ulta late ja ke.begherat,"ab iska sara credit har anchor le rha h jb k  rape,  ki asal jad h hi media jo mera jism.meri marzi,  hareem.shah , qandeel bloch , valentine day pe program krty hn phr rape hi hn gy",apni behn ko bhejo gay na aurat march me??,teri maa chodu..teri ammi chodu
49,3,Sexism,301049,305049,v3_original_demo_boundary_prompt,4-shot random authentic same-class,Shortlisted authentic RUHSOLD Sexism examples,40,"apko kehna chahye tha na mard hoon, na aurat hoo. main hijra hoon main hijra hoon, main parchi hoon, main defected hoon, main accidental chairman hoon.  #joker420",muslim countries ki leaderships na mard napunsak or hijra hain.. in mein koi dum nahi.. ye kuch nahi kr sakty.. jinnah ki rooh tarapti hogi.. jinnah ne kashmir par attack ka order diya tha..,transgander   madarchood   hijra tu aik bara khoota ha  haram zada,mard muhbt kr bhi ly tu aksar aurat he dhoka dy jati h usy 💔,teri maa ka yaar bhi gaye gashti
50,3,Sexism,301050,305050,v3_original_demo_boundary_prompt,4-shot random authentic same-class,Shortlisted authentic RUHSOLD Sexism examples,40,aisi or kis kis ki lund par uchel uchel kar moja lati ghar me.,phir larky beard ky bagiar khusray q lgty hain  wo bhi beard ky bagiar khubsurat lgny chahiye ?,tere jaise randiyo ki chudai ke liye to ham mard hain yaha pe,"yeh wesy koi bht e zyda ounchi nasal ki randi niqli h wesy , mtlb i can't even imagine koi bughaz or paisy k pechay itna b girr skta h, nehayat e nichly darjay ki baighairat aurat ho, aurat zaat ko b badnaam kea h isny apny wajood sy !! akhh thooo iski zaat pay",teri maa ka yaar
51,3,Sexism,301051,305051,v3_original_demo_boundary_prompt,4-shot random authentic same-class,Shortlisted authentic RUHSOLD Sexism examples,40,aur jesi ghatia aurat ke mun se ye bat achi ni lagti. logon ko garam karnay wali machine.,"madum ap gharailo maon behno ki terha na blkeh on maon behno ki terha bhi nahi jo moaashrat main ghar sy bahir nikal ker apni , maan baap ki .belky pory moaashry ki izzat ka kgayal rekhti hain .ap oss catogary main ati hain .jisy rundi,jisy tawaif,fahasha, jisy badqar kehty hain","aurat ko islam nai galat lagta, ap log lagtay ho jo ye boltay hain k agar aurat ka rape hua to wo uski galtie usne sar par dupatta nai kiya us banday ki nahi wo bechara kesay control karay",teri chut me sabhi bhaiyo ka lund reply de randi,"teri maa ka yaar hu, tere jaisi randi ke pille"
52,3,Sexism,301052,305052,v3_original_demo_boundary_prompt,4-shot random authentic same-class,Shortlisted authentic RUHSOLD Sexism examples,40,transgander   madarchood   hijra tu aik bara khoota ha  haram zada,"madum ap gharailo maon behno ki terha na blkeh on maon behno ki terha bhi nahi jo moaashrat main ghar sy bahir nikal ker apni , maan baap ki .belky pory moaashry ki izzat ka kgayal rekhti hain .ap oss catogary main ati hain .jisy rundi,jisy tawaif,fahasha, jisy badqar kehty hain",jahiliyat ki v had hai ye apne ghar me slave ki tarh rahti hai aur bahar kutto jaise bhaunk rhi hai... shame on these ladies,roads pe lab coat b ap ki gender hi pehnti ha 😂,yeh kuch ni..
53,3,Sexism,301053,305053,v3_original_demo_boundary_prompt,4-shot random authentic same-class,Shortlisted authentic RUHSOLD Sexism examples,40,#stopauratbarbadimarch who are you for arguing our tradition and islamic manners you bluddy 2 takay ki aurat   .,roads pe lab coat b ap ki gender hi pehnti ha 😂,original attitude boys ma hota ha aur fake girls ma,bc ghar wale bhi soch rahe honge yeh kya system paida ho gya sala lagta programing galat ho gayi.... sabsi badi confusion iske liye ladka dhundheyge yaa ladki😉,mera jism meri marzi mein yehi chamchaon ka koi bat nahi hai aur unse poora paisa mil raha hai
54,3,Sexism,301054,305054,v3_original_demo_boundary_prompt,4-shot random authentic same-class,Shortlisted authentic RUHSOLD Sexism examples,40,acha tareka dhondha hai larkun ko ganda sabit karny ka but aesi neech harkat larkyan he kar sakti hain larky nahi.,bc ghar wale bhi soch rahe honge yeh kya system paida ho gya sala lagta programing galat ho gayi.... sabsi badi confusion iske liye ladka dhundheyge yaa ladki😉,shazaib apni baji ko b bejna han aurat march ma agr itne he zruri hai to,teri chut me sabhi bhaiyo ka lund reply de randi,ek hi aurat mard ki aagay jaldi pata hota...
55,3,Sexism,301055,305055,v3_original_demo_boundary_prompt,4-shot random authentic same-class,Shortlisted authentic RUHSOLD Sexism examples,40,"aurat ko islam nai galat lagta, ap log lagtay ho jo ye boltay hain k agar aurat ka rape hua to wo uski galtie usne sar par dupatta nai kiya us banday ki nahi wo bechara kesay control karay",agar aaj se 40 saal pehley isi tarha ke banner pakarh kar mera jism meri marzi waala naara aapki amma ne maara hota to aap is duniya main ye tweet karney ke liye maujood hi na hoteen 😑😑😑,transgander   madarchood   hijra tu aik bara khoota ha  haram zada,randi kise kahte ha aap hi bata do? ye word ghatiya women ke liye hi use karta ha ab deepika ghatiya ha to randi hi bolenge na,tumhari ammi aur tatti behn chodtey hue wale kuttay
56,3,Sexism,301056,305056,v3_original_demo_boundary_prompt,4-shot random authentic same-class,Shortlisted authentic RUHSOLD Sexism examples,40,agar aaj se 40 saal pehley isi tarha ke banner pakarh kar mera jism meri marzi waala naara aapki amma ne maara hota to aap is duniya main ye tweet karney ke liye maujood hi na hoteen 😑😑😑,tere jaise randiyo ki chudai ke liye to ham mard hain yaha pe,70 saal ka mard is better than a 30 year old hijra😅,ek randi larki ko itni pazeerai di hai. smjh se bahir hai,gandu tum jaisay kuttey logon ki chudai ke liye milty ho
57,3,Sexism,301057,305057,v3_original_demo_boundary_prompt,4-shot random authentic same-class,Shortlisted authentic RUHSOLD Sexism examples,40,tum jesi ghatia aurat ka kam hi ni hai media par.kisi kothhay pe ja aur ulta late ja ke.begherat,lalchi aurat paisa dekhti hai aur khandani aurat sirf sehrat dekhti hai,roads pe lab coat b ap ki gender hi pehnti ha 😂,transgander   madarchood   hijra tu aik bara khoota ha  haram zada,koi tera baap nhi
58,3,Sexism,301058,305058,v3_original_demo_boundary_prompt,4-shot random authentic same-class,Shortlisted authentic RUHSOLD Sexism examples,40,lalchi aurat paisa dekhti hai aur khandani aurat sirf sehrat dekhti hai,#stopauratbarbadimarch aurat ghr k andr hi achi lgti he yu sarkon par nikalna kisi bhi aurat ki izzat par daag lga skta he,ek randi larki ko itni pazeerai di hai. smjh se bahir hai,original attitude boys ma hota ha aur fake girls ma,saali kutti
59,3,Sexism,301059,305059,v3_original_demo_boundary_prompt,4-shot random authentic same-class,Shortlisted authentic RUHSOLD Sexism examples,40,mard muhbt kr bhi ly tu aksar aurat he dhoka dy jati h usy 💔,"ab iska sara credit har anchor le rha h jb k  rape,  ki asal jad h hi media jo mera jism.meri marzi,  hareem.shah , qandeel bloch , valentine day pe program krty hn phr rape hi hn gy",phir larky beard ky bagiar khusray q lgty hain  wo bhi beard ky bagiar khubsurat lgny chahiye ?,aaaahhhhhh bhenchod.....jese tere is mangalsutra ki sahi jagah tere gale me nai balki mere mote kaale lund pr he.... vese hi tujh jesi chudakkad kuttiya ki jagah kewal mere pairo k niche he saali.... chal inbox me aa.....,tum khanzeer ho jaise haramzadi
60,3,Sexism,301060,305060,v3_original_demo_boundary_prompt,4-shot random authentic same-class,Shortlisted authentic RUHSOLD Sexism examples,40,dhoka khane k baad oska aitbar uth jata haa sbsee or dosre mard mai b interest ni rehta...ku k aurat jism k ley ni chahti jbk mard jism k ley chahta😌🙂,aisi or kis kis ki lund par uchel uchel kar moja lati ghar me.,shazaib apni baji ko b bejna han aurat march ma agr itne he zruri hai to,"aurat ko islam nai galat lagta, ap log lagtay ho jo ye boltay hain k agar aurat ka rape hua to wo uski galtie usne sar par dupatta nai kiya us banday ki nahi wo bechara kesay control karay",abey chudwani ke liye tumhein paise hi milte hain
61,3,Sexism,301061,305061,v3_original_demo_boundary_prompt,4-shot random authentic same-class,Shortlisted authentic RUHSOLD Sexism examples,40,apni behn ko bhejo gay na aurat march me??,acha tareka dhondha hai larkun ko ganda sabit karny ka but aesi neech harkat larkyan he kar sakti hain larky nahi.,tere jaise randiyo ki chudai ke liye to ham mard hain yaha pe,roads pe lab coat b ap ki gender hi pehnti ha 😂,teri maa ka yaar kis ny goli mar dia tha?
62,3,Sexism,301062,305062,v3_original_demo_boundary_prompt,4-shot random authentic same-class,Shortlisted authentic RUHSOLD Sexism examples,40,bc ghar wale bhi soch rahe honge yeh kya system paida ho gya sala lagta programing galat ho gayi.... sabsi badi confusion iske liye ladka dhundheyge yaa ladki😉,aisi or kis kis ki lund par uchel uchel kar moja lati ghar me.,apni behn ko bhejo gay na aurat march me??,aaaahhhhhh bhenchod.....jese tere is mangalsutra ki sahi jagah tere gale me nai balki mere mote kaale lund pr he.... vese hi tujh jesi chudakkad kuttiya ki jagah kewal mere pairo k niche he saali.... chal inbox me aa.....,i think she has no interest in this topic.
63,3,Sexism,301063,305063,v3_original_demo_boundary_prompt,4-shot random authentic same-class,Shortlisted authentic RUHSOLD Sexism examples,40,"aurat ko islam nai galat lagta, ap log lagtay ho jo ye boltay hain k agar aurat ka rape hua to wo uski galtie usne sar par dupatta nai kiya us banday ki nahi wo bechara kesay control karay",dhoka khane k baad oska aitbar uth jata haa sbsee or dosre mard mai b interest ni rehta...ku k aurat jism k ley ni chahti jbk mard jism k ley chahta😌🙂,teri bhosdi or boobs me parda mat kar...logo ko dekne de.dhake hoge to kaise pata chalega ki tu hijra nehi hai.   hijra kahi ki.,apni behn ko bhejo gay na aurat march me??,jab tak tu keh raha tha ki aisa nahi hai tu marasala hijra tha...aur jinke paas tere jaisi koshish hi nahi hoti..
64,3,Sexism,301064,305064,v3_original_demo_boundary_prompt,4-shot random authentic same-class,Shortlisted authentic RUHSOLD Sexism examples,40,phir larky beard ky bagiar khusray q lgty hain  wo bhi beard ky bagiar khubsurat lgny chahiye ?,mard muhbt kr bhi ly tu aksar aurat he dhoka dy jati h usy 💔,"yeh wesy koi bht e zyda ounchi nasal ki randi niqli h wesy , mtlb i can't even imagine koi bughaz or paisy k pechay itna b girr skta h, nehayat e nichly darjay ki baighairat aurat ho, aurat zaat ko b badnaam kea h isny apny wajood sy !! akhh thooo iski zaat pay",agar aaj se 40 saal pehley isi tarha ke banner pakarh kar mera jism meri marzi waala naara aapki amma ne maara hota to aap is duniya main ye tweet karney ke liye maujood hi na hoteen 😑😑😑,tery bachy ka sikha tha kaur bhi nhi hai...
65,3,Sexism,301065,305065,v3_original_demo_boundary_prompt,4-shot random authentic same-class,Shortlisted authentic RUHSOLD Sexism examples,40,original attitude boys ma hota ha aur fake girls ma,jin ko hizab se nafrat he wo nangi ho k ghoome koi in pe thooke ga bhi nahi  aurat khoobsurat pure libas me lagti he mawazna karlen,#stopauratbarbadimarch aurat ghr k andr hi achi lgti he yu sarkon par nikalna kisi bhi aurat ki izzat par daag lga skta he,lalchi aurat paisa dekhti hai aur khandani aurat sirf sehrat dekhti hai,ab ye log kuch aurat ke liye bol rahy he
66,3,Sexism,301066,305066,v3_original_demo_boundary_prompt,4-shot random authentic same-class,Shortlisted authentic RUHSOLD Sexism examples,40,transgander   madarchood   hijra tu aik bara khoota ha  haram zada,jin ko hizab se nafrat he wo nangi ho k ghoome koi in pe thooke ga bhi nahi  aurat khoobsurat pure libas me lagti he mawazna karlen,r mazy k bat mra jism wo auratn krti hn jin pr thokta bh koi nae.,we are supporting #islam and thank you #khalilurrahmanqamar for your beautiful comments against #gashti .  agar ye #aurat hoti to na me aesi zuban use krta aur na koi gairatmand #admi use krta.,jb mujhe pta chala tera jism meri marzi hai to teri maa ki phudi paida kar deta hun
67,3,Sexism,301067,305067,v3_original_demo_boundary_prompt,4-shot random authentic same-class,Shortlisted authentic RUHSOLD Sexism examples,40,acha tareka dhondha hai larkun ko ganda sabit karny ka but aesi neech harkat larkyan he kar sakti hain larky nahi.,70 saal ka mard is better than a 30 year old hijra😅,#auratmarch2020 mera jism allah ki marzi.. allah ka to hukam ha tum char dewari me raho .. nd ya nikl k apni nimaish karna chahten,teri chut me sabhi bhaiyo ka lund reply de randi,teri maa ka yaar tha bata tu kya pata😂
68,3,Sexism,301068,305068,v3_original_demo_boundary_prompt,4-shot random authentic same-class,Shortlisted authentic RUHSOLD Sexism examples,40,lalchi aurat paisa dekhti hai aur khandani aurat sirf sehrat dekhti hai,#stopauratbarbadimarch aurat ghr k andr hi achi lgti he yu sarkon par nikalna kisi bhi aurat ki izzat par daag lga skta he,tu kyun ro rahe hai hijra? tera buddhe hijra to kamjor mard hai. uska kara nehi hota. 🤣🤣🤣🤣,agar aaj se 40 saal pehley isi tarha ke banner pakarh kar mera jism meri marzi waala naara aapki amma ne maara hota to aap is duniya main ye tweet karney ke liye maujood hi na hoteen 😑😑😑,wo apne baap ka naam rakh le bharwe
69,3,Sexism,301069,305069,v3_original_demo_boundary_prompt,4-shot random authentic same-class,Shortlisted authentic RUHSOLD Sexism examples,40,tu kyun ro rahe hai hijra? tera buddhe hijra to kamjor mard hai. uska kara nehi hota. 🤣🤣🤣🤣,jahiliyat ki v had hai ye apne ghar me slave ki tarh rahti hai aur bahar kutto jaise bhaunk rhi hai... shame on these ladies,ek randi larki ko itni pazeerai di hai. smjh se bahir hai,teri chut me sabhi bhaiyo ka lund reply de randi,rt :   yeh bhenchod na karegi
70,3,Sexism,301070,305070,v3_original_demo_boundary_prompt,4-shot random authentic same-class,Shortlisted authentic RUHSOLD Sexism examples,40,#stopauratbarbadimarch who are you for arguing our tradition and islamic manners you bluddy 2 takay ki aurat   .,tum jesi ghatia aurat ka kam hi ni hai media par.kisi kothhay pe ja aur ulta late ja ke.begherat,dhoka khane k baad oska aitbar uth jata haa sbsee or dosre mard mai b interest ni rehta...ku k aurat jism k ley ni chahti jbk mard jism k ley chahta😌🙂,tu kyun ro rahe hai hijra? tera buddhe hijra to kamjor mard hai. uska kara nehi hota. 🤣🤣🤣🤣,abe charsi randi
71,3,Sexism,301071,305071,v3_original_demo_boundary_prompt,4-shot random authentic same-class,Shortlisted authentic RUHSOLD Sexism examples,40,ap ko mard banny ki acting pasand i? agr ni to hijra hi bany rahye sir ye mardo k kam hn hijro k ni.,randi kise kahte ha aap hi bata do? ye word ghatiya women ke liye hi use karta ha ab deepika ghatiya ha to randi hi bolenge na,"aurat ko islam nai galat lagta, ap log lagtay ho jo ye boltay hain k agar aurat ka rape hua to wo uski galtie usne sar par dupatta nai kiya us banday ki nahi wo bechara kesay control karay",phir larky beard ky bagiar khusray q lgty hain  wo bhi beard ky bagiar khubsurat lgny chahiye ?,bhenchod tu hijra ha
72,3,Sexism,301072,305072,v3_original_demo_boundary_prompt,4-shot random authentic same-class,Shortlisted authentic RUHSOLD Sexism examples,40,apni behn ko bhejo gay na aurat march me??,phir larky beard ky bagiar khusray q lgty hain  wo bhi beard ky bagiar khubsurat lgny chahiye ?,bc ghar wale bhi soch rahe honge yeh kya system paida ho gya sala lagta programing galat ho gayi.... sabsi badi confusion iske liye ladka dhundheyge yaa ladki😉,"ab iska sara credit har anchor le rha h jb k  rape,  ki asal jad h hi media jo mera jism.meri marzi,  hareem.shah , qandeel bloch , valentine day pe program krty hn phr rape hi hn gy",ye to tery baap ka sath ha na😂
73,3,Sexism,301073,305073,v3_original_demo_boundary_prompt,4-shot random authentic same-class,Shortlisted authentic RUHSOLD Sexism examples,40,you are just girlfriend material no one wants wife like you. itna jism jo sirf admi apni bivi ka dekhta h  apka to sary jahan ne dekha h,70 saal ka mard is better than a 30 year old hijra😅,teri bhosdi or boobs me parda mat kar...logo ko dekne de.dhake hoge to kaise pata chalega ki tu hijra nehi hai.   hijra kahi ki.,#stopauratbarbadimarch who are you for arguing our tradition and islamic manners you bluddy 2 takay ki aurat   .,abe randi teri maa behn ko bachao 😂
74,3,Sexism,301074,305074,v3_original_demo_boundary_prompt,4-shot random authentic same-class,Shortlisted authentic RUHSOLD Sexism examples,40,r mazy k bat mra jism wo auratn krti hn jin pr thokta bh koi nae.,mard muhbt kr bhi ly tu aksar aurat he dhoka dy jati h usy 💔,original attitude boys ma hota ha aur fake girls ma,bc ghar wale bhi soch rahe honge yeh kya system paida ho gya sala lagta programing galat ho gayi.... sabsi badi confusion iske liye ladka dhundheyge yaa ladki😉,tera baap tha hijra...😂😂
75,3,Sexism,301075,305075,v3_original_demo_boundary_prompt,4-shot random authentic same-class,Shortlisted authentic RUHSOLD Sexism examples,40,dhoka khane k baad oska aitbar uth jata haa sbsee or dosre mard mai b interest ni rehta...ku k aurat jism k ley ni chahti jbk mard jism k ley chahta😌🙂,r mazy k bat mra jism wo auratn krti hn jin pr thokta bh koi nae.,#stopauratbarbadimarch aurat ghr k andr hi achi lgti he yu sarkon par nikalna kisi bhi aurat ki izzat par daag lga skta he,lalchi aurat paisa dekhti hai aur khandani aurat sirf sehrat dekhti hai,tum logon ko boobs dekhni chahye
76,3,Sexism,301076,305076,v3_original_demo_boundary_prompt,4-shot random authentic same-class,Shortlisted authentic RUHSOLD Sexism examples,40,aur jesi ghatia aurat ke mun se ye bat achi ni lagti. logon ko garam karnay wali machine.,#stopauratbarbadimarch who are you for arguing our tradition and islamic manners you bluddy 2 takay ki aurat   .,ek randi larki ko itni pazeerai di hai. smjh se bahir hai,"madum ap gharailo maon behno ki terha na blkeh on maon behno ki terha bhi nahi jo moaashrat main ghar sy bahir nikal ker apni , maan baap ki .belky pory moaashry ki izzat ka kgayal rekhti hain .ap oss catogary main ati hain .jisy rundi,jisy tawaif,fahasha, jisy badqar kehty hain",mein bhi boli thi yahan pe koi randi ka beta hota nahi
77,3,Sexism,301077,305077,v3_original_demo_boundary_prompt,4-shot random authentic same-class,Shortlisted authentic RUHSOLD Sexism examples,40,roads pe lab coat b ap ki gender hi pehnti ha 😂,tu kyun ro rahe hai hijra? tera buddhe hijra to kamjor mard hai. uska kara nehi hota. 🤣🤣🤣🤣,randi kise kahte ha aap hi bata do? ye word ghatiya women ke liye hi use karta ha ab deepika ghatiya ha to randi hi bolenge na,apni behn ko bhejo gay na aurat march me??,aik nay kaha tha ab teri maa ki chut marunga 😜
78,3,Sexism,301078,305078,v3_original_demo_boundary_prompt,4-shot random authentic same-class,Shortlisted authentic RUHSOLD Sexism examples,40,#stopauratbarbadimarch who are you for arguing our tradition and islamic manners you bluddy 2 takay ki aurat   .,agar aaj se 40 saal pehley isi tarha ke banner pakarh kar mera jism meri marzi waala naara aapki amma ne maara hota to aap is duniya main ye tweet karney ke liye maujood hi na hoteen 😑😑😑,shazaib apni baji ko b bejna han aurat march ma agr itne he zruri hai to,"yeh wesy koi bht e zyda ounchi nasal ki randi niqli h wesy , mtlb i can't even imagine koi bughaz or paisy k pechay itna b girr skta h, nehayat e nichly darjay ki baighairat aurat ho, aurat zaat ko b badnaam kea h isny apny wajood sy !! akhh thooo iski zaat pay",mujhe pata nahi
79,3,Sexism,301079,305079,v3_original_demo_boundary_prompt,4-shot random authentic same-class,Shortlisted authentic RUHSOLD Sexism examples,40,we are supporting #islam and thank you #khalilurrahmanqamar for your beautiful comments against #gashti .  agar ye #aurat hoti to na me aesi zuban use krta aur na koi gairatmand #admi use krta.,"madum ap gharailo maon behno ki terha na blkeh on maon behno ki terha bhi nahi jo moaashrat main ghar sy bahir nikal ker apni , maan baap ki .belky pory moaashry ki izzat ka kgayal rekhti hain .ap oss catogary main ati hain .jisy rundi,jisy tawaif,fahasha, jisy badqar kehty hain",teri chut me sabhi bhaiyo ka lund reply de randi,muslim countries ki leaderships na mard napunsak or hijra hain.. in mein koi dum nahi.. ye kuch nahi kr sakty.. jinnah ki rooh tarapti hogi.. jinnah ne kashmir par attack ka order diya tha..,abey bhenchod kya hi ho raha hy.. abbey abbey mujhe pata chaly wo 🌚
80,3,Sexism,301080,305080,v3_original_demo_boundary_prompt,4-shot random authentic same-class,Shortlisted authentic RUHSOLD Sexism examples,40,shazaib apni baji ko b bejna han aurat march ma agr itne he zruri hai to,jahiliyat ki v had hai ye apne ghar me slave ki tarh rahti hai aur bahar kutto jaise bhaunk rhi hai... shame on these ladies,#auratmarch2020 mera jism allah ki marzi.. allah ka to hukam ha tum char dewari me raho .. nd ya nikl k apni nimaish karna chahten,"ab iska sara credit har anchor le rha h jb k  rape,  ki asal jad h hi media jo mera jism.meri marzi,  hareem.shah , qandeel bloch , valentine day pe program krty hn phr rape hi hn gy",yeh sab duniya ka hijra hain....
81,3,Sexism,301081,305081,v3_original_demo_boundary_prompt,4-shot random authentic same-class,Shortlisted authentic RUHSOLD Sexism examples,40,tu kyun ro rahe hai hijra? tera buddhe hijra to kamjor mard hai. uska kara nehi hota. 🤣🤣🤣🤣,#stopauratbarbadimarch who are you for arguing our tradition and islamic manners you bluddy 2 takay ki aurat   .,bc ghar wale bhi soch rahe honge yeh kya system paida ho gya sala lagta programing galat ho gayi.... sabsi badi confusion iske liye ladka dhundheyge yaa ladki😉,phir larky beard ky bagiar khusray q lgty hain  wo bhi beard ky bagiar khubsurat lgny chahiye ?,saali kuch hoga
82,3,Sexism,301082,305082,v3_original_demo_boundary_prompt,4-shot random authentic same-class,Shortlisted authentic RUHSOLD Sexism examples,40,"yeh wesy koi bht e zyda ounchi nasal ki randi niqli h wesy , mtlb i can't even imagine koi bughaz or paisy k pechay itna b girr skta h, nehayat e nichly darjay ki baighairat aurat ho, aurat zaat ko b badnaam kea h isny apny wajood sy !! akhh thooo iski zaat pay",apni behn ko bhejo gay na aurat march me??,jahiliyat ki v had hai ye apne ghar me slave ki tarh rahti hai aur bahar kutto jaise bhaunk rhi hai... shame on these ladies,#stopauratbarbadimarch aurat ghr k andr hi achi lgti he yu sarkon par nikalna kisi bhi aurat ki izzat par daag lga skta he,wo jo kuch chl rhi h us ny apne ghar me aik aurat ko mara tha
83,3,Sexism,301083,305083,v3_original_demo_boundary_prompt,4-shot random authentic same-class,Shortlisted authentic RUHSOLD Sexism examples,40,#auratmarch2020 mera jism allah ki marzi.. allah ka to hukam ha tum char dewari me raho .. nd ya nikl k apni nimaish karna chahten,"madum ap gharailo maon behno ki terha na blkeh on maon behno ki terha bhi nahi jo moaashrat main ghar sy bahir nikal ker apni , maan baap ki .belky pory moaashry ki izzat ka kgayal rekhti hain .ap oss catogary main ati hain .jisy rundi,jisy tawaif,fahasha, jisy badqar kehty hain",randi kise kahte ha aap hi bata do? ye word ghatiya women ke liye hi use karta ha ab deepika ghatiya ha to randi hi bolenge na,bc ghar wale bhi soch rahe honge yeh kya system paida ho gya sala lagta programing galat ho gayi.... sabsi badi confusion iske liye ladka dhundheyge yaa ladki😉,aur humari khusray ko tu tu kar raha tha wo
84,3,Sexism,301084,305084,v3_original_demo_boundary_prompt,4-shot random authentic same-class,Shortlisted authentic RUHSOLD Sexism examples,40,"ab iska sara credit har anchor le rha h jb k  rape,  ki asal jad h hi media jo mera jism.meri marzi,  hareem.shah , qandeel bloch , valentine day pe program krty hn phr rape hi hn gy",70 saal ka mard is better than a 30 year old hijra😅,"aurat ko islam nai galat lagta, ap log lagtay ho jo ye boltay hain k agar aurat ka rape hua to wo uski galtie usne sar par dupatta nai kiya us banday ki nahi wo bechara kesay control karay",phir larky beard ky bagiar khusray q lgty hain  wo bhi beard ky bagiar khubsurat lgny chahiye ?,woh randi khuda hi hai
85,3,Sexism,301085,305085,v3_original_demo_boundary_prompt,4-shot random authentic same-class,Shortlisted authentic RUHSOLD Sexism examples,40,ek randi larki ko itni pazeerai di hai. smjh se bahir hai,tum jesi ghatia aurat ka kam hi ni hai media par.kisi kothhay pe ja aur ulta late ja ke.begherat,dhoka khane k baad oska aitbar uth jata haa sbsee or dosre mard mai b interest ni rehta...ku k aurat jism k ley ni chahti jbk mard jism k ley chahta😌🙂,"apko kehna chahye tha na mard hoon, na aurat hoo. main hijra hoon main hijra hoon, main parchi hoon, main defected hoon, main accidental chairman hoon.  #joker420",mujhe pta nhi huwa wo baat ho rahi hai
86,3,Sexism,301086,305086,v3_original_demo_boundary_prompt,4-shot random authentic same-class,Shortlisted authentic RUHSOLD Sexism examples,40,ek randi larki ko itni pazeerai di hai. smjh se bahir hai,teri chut me sabhi bhaiyo ka lund reply de randi,acha tareka dhondha hai larkun ko ganda sabit karny ka but aesi neech harkat larkyan he kar sakti hain larky nahi.,"ab iska sara credit har anchor le rha h jb k  rape,  ki asal jad h hi media jo mera jism.meri marzi,  hareem.shah , qandeel bloch , valentine day pe program krty hn phr rape hi hn gy",randi
87,3,Sexism,301087,305087,v3_original_demo_boundary_prompt,4-shot random authentic same-class,Shortlisted authentic RUHSOLD Sexism examples,40,ap ko mard banny ki acting pasand i? agr ni to hijra hi bany rahye sir ye mardo k kam hn hijro k ni.,aisi or kis kis ki lund par uchel uchel kar moja lati ghar me.,tere jaise randiyo ki chudai ke liye to ham mard hain yaha pe,bc ghar wale bhi soch rahe honge yeh kya system paida ho gya sala lagta programing galat ho gayi.... sabsi badi confusion iske liye ladka dhundheyge yaa ladki😉,ise tu pata nhi yaad ata tha isse koi pata nahi
88,3,Sexism,301088,305088,v3_original_demo_boundary_prompt,4-shot random authentic same-class,Shortlisted authentic RUHSOLD Sexism examples,40,acha tareka dhondha hai larkun ko ganda sabit karny ka but aesi neech harkat larkyan he kar sakti hain larky nahi.,"aurat ko islam nai galat lagta, ap log lagtay ho jo ye boltay hain k agar aurat ka rape hua to wo uski galtie usne sar par dupatta nai kiya us banday ki nahi wo bechara kesay control karay",lalchi aurat paisa dekhti hai aur khandani aurat sirf sehrat dekhti hai,we are supporting #islam and thank you #khalilurrahmanqamar for your beautiful comments against #gashti .  agar ye #aurat hoti to na me aesi zuban use krta aur na koi gairatmand #admi use krta.,gashti k bachy jb kisi ko chodta hai to uska jism to yahoodi insaf hi qanoon hy aurat march to halala ki pedawarat
89,3,Sexism,301089,305089,v3_original_demo_boundary_prompt,4-shot random authentic same-class,Shortlisted authentic RUHSOLD Sexism examples,40,lalchi aurat paisa dekhti hai aur khandani aurat sirf sehrat dekhti hai,70 saal ka mard is better than a 30 year old hijra😅,muslim countries ki leaderships na mard napunsak or hijra hain.. in mein koi dum nahi.. ye kuch nahi kr sakty.. jinnah ki rooh tarapti hogi.. jinnah ne kashmir par attack ka order diya tha..,shazaib apni baji ko b bejna han aurat march ma agr itne he zruri hai to,waise apny bachy ka bharwa nikal le
90,3,Sexism,301090,305090,v3_original_demo_boundary_prompt,4-shot random authentic same-class,Shortlisted authentic RUHSOLD Sexism examples,40,aaaahhhhhh bhenchod.....jese tere is mangalsutra ki sahi jagah tere gale me nai balki mere mote kaale lund pr he.... vese hi tujh jesi chudakkad kuttiya ki jagah kewal mere pairo k niche he saali.... chal inbox me aa.....,shazaib apni baji ko b bejna han aurat march ma agr itne he zruri hai to,tum jesi ghatia aurat ka kam hi ni hai media par.kisi kothhay pe ja aur ulta late ja ke.begherat,original attitude boys ma hota ha aur fake girls ma,tu bc hijra ho ya hijde tu bhi bol raha tha na
91,3,Sexism,301091,305091,v3_original_demo_boundary_prompt,4-shot random authentic same-class,Shortlisted authentic RUHSOLD Sexism examples,40,aur jesi ghatia aurat ke mun se ye bat achi ni lagti. logon ko garam karnay wali machine.,jin ko hizab se nafrat he wo nangi ho k ghoome koi in pe thooke ga bhi nahi  aurat khoobsurat pure libas me lagti he mawazna karlen,70 saal ka mard is better than a 30 year old hijra😅,aisi or kis kis ki lund par uchel uchel kar moja lati ghar me.,randi
92,3,Sexism,301092,305092,v3_original_demo_boundary_prompt,4-shot random authentic same-class,Shortlisted authentic RUHSOLD Sexism examples,40,jin ko hizab se nafrat he wo nangi ho k ghoome koi in pe thooke ga bhi nahi  aurat khoobsurat pure libas me lagti he mawazna karlen,acha tareka dhondha hai larkun ko ganda sabit karny ka but aesi neech harkat larkyan he kar sakti hain larky nahi.,"yeh wesy koi bht e zyda ounchi nasal ki randi niqli h wesy , mtlb i can't even imagine koi bughaz or paisy k pechay itna b girr skta h, nehayat e nichly darjay ki baighairat aurat ho, aurat zaat ko b badnaam kea h isny apny wajood sy !! akhh thooo iski zaat pay",dhoka khane k baad oska aitbar uth jata haa sbsee or dosre mard mai b interest ni rehta...ku k aurat jism k ley ni chahti jbk mard jism k ley chahta😌🙂,abe bhenchod tu kya chutiye hy tu nikl ja na randi
93,3,Sexism,301093,305093,v3_original_demo_boundary_prompt,4-shot random authentic same-class,Shortlisted authentic RUHSOLD Sexism examples,40,ap ko mard banny ki acting pasand i? agr ni to hijra hi bany rahye sir ye mardo k kam hn hijro k ni.,muslim countries ki leaderships na mard napunsak or hijra hain.. in mein koi dum nahi.. ye kuch nahi kr sakty.. jinnah ki rooh tarapti hogi.. jinnah ne kashmir par attack ka order diya tha..,bc ghar wale bhi soch rahe honge yeh kya system paida ho gya sala lagta programing galat ho gayi.... sabsi badi confusion iske liye ladka dhundheyge yaa ladki😉,apni behn ko bhejo gay na aurat march me??,bhai teri behn k tatti khayalon se chalo 😂😂
94,3,Sexism,301094,305094,v3_original_demo_boundary_prompt,4-shot random authentic same-class,Shortlisted authentic RUHSOLD Sexism examples,40,dhoka khane k baad oska aitbar uth jata haa sbsee or dosre mard mai b interest ni rehta...ku k aurat jism k ley ni chahti jbk mard jism k ley chahta😌🙂,jahiliyat ki v had hai ye apne ghar me slave ki tarh rahti hai aur bahar kutto jaise bhaunk rhi hai... shame on these ladies,tere jaise randiyo ki chudai ke liye to ham mard hain yaha pe,"ab iska sara credit har anchor le rha h jb k  rape,  ki asal jad h hi media jo mera jism.meri marzi,  hareem.shah , qandeel bloch , valentine day pe program krty hn phr rape hi hn gy",pakistan k nay harami baat kar rhy ho..aur atankwadi kuttay ko chod diya tha...tujhe taslim ka koi shukr nhi hai..teri ammi ko kuch kya nahi
95,3,Sexism,301095,305095,v3_original_demo_boundary_prompt,4-shot random authentic same-class,Shortlisted authentic RUHSOLD Sexism examples,40,jahiliyat ki v had hai ye apne ghar me slave ki tarh rahti hai aur bahar kutto jaise bhaunk rhi hai... shame on these ladies,your leader  is hijra that's why he is not living with his wife.,you are just girlfriend material no one wants wife like you. itna jism jo sirf admi apni bivi ka dekhta h  apka to sary jahan ne dekha h,original attitude boys ma hota ha aur fake girls ma,ye hijra bajwa jesa koi ni hi
96,3,Sexism,301096,305096,v3_original_demo_boundary_prompt,4-shot random authentic same-class,Shortlisted authentic RUHSOLD Sexism examples,40,roads pe lab coat b ap ki gender hi pehnti ha 😂,tu kyun ro rahe hai hijra? tera buddhe hijra to kamjor mard hai. uska kara nehi hota. 🤣🤣🤣🤣,#auratmarch2020 mera jism allah ki marzi.. allah ka to hukam ha tum char dewari me raho .. nd ya nikl k apni nimaish karna chahten,"aurat ko islam nai galat lagta, ap log lagtay ho jo ye boltay hain k agar aurat ka rape hua to wo uski galtie usne sar par dupatta nai kiya us banday ki nahi wo bechara kesay control karay",abe charsi wale...baki ye tere baare me koi na karo
97,3,Sexism,301097,305097,v3_original_demo_boundary_prompt,4-shot random authentic same-class,Shortlisted authentic RUHSOLD Sexism examples,40,acha tareka dhondha hai larkun ko ganda sabit karny ka but aesi neech harkat larkyan he kar sakti hain larky nahi.,"aurat ko islam nai galat lagta, ap log lagtay ho jo ye boltay hain k agar aurat ka rape hua to wo uski galtie usne sar par dupatta nai kiya us banday ki nahi wo bechara kesay control karay",aisi or kis kis ki lund par uchel uchel kar moja lati ghar me.,#stopauratbarbadimarch aurat ghr k andr hi achi lgti he yu sarkon par nikalna kisi bhi aurat ki izzat par daag lga skta he,abe charsi randiyo ka bacha
98,3,Sexism,301098,305098,v3_original_demo_boundary_prompt,4-shot random authentic same-class,Shortlisted authentic RUHSOLD Sexism examples,40,tere jaise randiyo ki chudai ke liye to ham mard hain yaha pe,roads pe lab coat b ap ki gender hi pehnti ha 😂,teri bhosdi or boobs me parda mat kar...logo ko dekne de.dhake hoge to kaise pata chalega ki tu hijra nehi hai.   hijra kahi ki.,agar aaj se 40 saal pehley isi tarha ke banner pakarh kar mera jism meri marzi waala naara aapki amma ne maara hota to aap is duniya main ye tweet karney ke liye maujood hi na hoteen 😑😑😑,tere baap ka naam nikl le
99,3,Sexism,301099,305099,v3_original_demo_boundary_prompt,4-shot random authentic same-class,Shortlisted authentic RUHSOLD Sexism examples,40,tere jaise randiyo ki chudai ke liye to ham mard hain yaha pe,shazaib apni baji ko b bejna han aurat march ma agr itne he zruri hai to,"apko kehna chahye tha na mard hoon, na aurat hoo. main hijra hoon main hijra hoon, main parchi hoon, main defected hoon, main accidental chairman hoon.  #joker420",ap ko mard banny ki acting pasand i? agr ni to hijra hi bany rahye sir ye mardo k kam hn hijro k ni.,hahahahhaa bhenchod tu hijra nhi..
